<?xml version="1.0" encoding="utf-8" ?>
<Defs>

	<HediffDef>
        <defName>TM_EmergencyHD1</defName>
        <hediffClass>HediffWithComps</hediffClass>
        <label>Emergency</label>
        <description>I'm on my way!</description>
        <defaultLabelColor>(0.24,0.8,0.24)</defaultLabelColor>
        <scenarioCanAdd>true</scenarioCanAdd>
        <maxSeverity>1.0</maxSeverity>
        <isBad>false</isBad>
        <comps>
          <li Class="HediffCompProperties_SeverityPerDay">
            <severityPerDay>-2.5</severityPerDay>
          </li>
        </comps>
        <stages>
          <li>
            <label></label>
            <minSeverity>.001</minSeverity>
            <painOffset>-0.2</painOffset>
            <statOffsets>
                <MoveSpeed>5.0</MoveSpeed>
                <MedicalTendQuality>3.0</MedicalTendQuality>
                <MedicalTendSpeed>3.0</MedicalTendSpeed>
		<MedicalOperationSpeed>3.0</MedicalOperationSpeed>
            </statOffsets>
          </li>
        </stages>
    </HediffDef>
	
	<HediffDef>
        <defName>TM_MedigelHD1</defName>
        <hediffClass>HediffWithComps</hediffClass>
        <label>Medigel</label>
        <description>Natural regeneration is being expedited by a powerful topical medicine, also greatly improving general respiratory functions.</description>
        <defaultLabelColor>(0,0.8,0.24)</defaultLabelColor>
        <scenarioCanAdd>false</scenarioCanAdd>
        <maxSeverity>1.0</maxSeverity>
        <isBad>false</isBad>
		<initialSeverity>1</initialSeverity>
        <comps>
          <li Class="HediffCompProperties_SeverityPerDay">
            <severityPerDay>-8</severityPerDay>
          </li>
		  <li>
			<compClass>TorannMagic.HediffComp_Medigel</compClass>
		  </li>	  
        </comps>
        <stages>
          <li>
            <label></label>
            <minSeverity>.001</minSeverity>
            <painOffset>-0.5</painOffset>
	    <statOffsets>
               <ImmunityGainSpeed>1.0</ImmunityGainSpeed>
       	    </statOffsets>
            <capMods>
            <li>
               <capacity>BloodFiltration</capacity>
               <offset>1.0</offset>
            </li>
            <li>
               <capacity>BloodPumping</capacity>
               <offset>1.0</offset>
            </li>
            <li>
               <capacity>Breathing</capacity>
               <offset>1.0</offset>
            </li>
            <li>
               <capacity>Metabolism</capacity>
               <offset>1.0</offset>
            </li>
            </capMods>
          </li>
        </stages>
    </HediffDef>
	
	<HediffDef>
        <defName>TM_CombatDrugsPain_HD1</defName>
        <hediffClass>HediffWithComps</hediffClass>
        <label>Combat Drugs (painkiller)</label>
        <description>Administed painkillers are hardening the body and dulling sensitivity.</description>
        <defaultLabelColor>(0.24,0.8,0.24)</defaultLabelColor>
        <scenarioCanAdd>true</scenarioCanAdd>
        <maxSeverity>1.0</maxSeverity>
        <isBad>false</isBad>
        <comps>
          <li Class="HediffCompProperties_SeverityPerDay">
            <severityPerDay>-8</severityPerDay>
          </li>
        </comps>
        <stages>
          <li>
            <label></label>
            <minSeverity>.001</minSeverity>
            <painFactor>0.5</painFactor>
	    <statOffsets>
	    	<PsychicSensitivity>-2.0</PsychicSensitivity>
		<ArmorRating_Blunt>.5</ArmorRating_Blunt>
		<ArmorRating_Sharp>.5</ArmorRating_Sharp>
		<ArmorRating_Heat>.5</ArmorRating_Heat>
	    </statOffsets>
	    <statFactors>
          	<IncomingDamageFactor>0.8</IncomingDamageFactor>
            </statFactors>
          </li>
        </stages>
    </HediffDef>
	
    <HediffDef>
        <defName>TM_CombatDrugsMoving_HD1</defName>
        <hediffClass>HediffWithComps</hediffClass>
        <label>Combat Drugs (stimulants)</label>
        <description>Administered stimulants are increasing movement speed and general dexterity.</description>
        <defaultLabelColor>(0.24,0.8,0.24)</defaultLabelColor>
        <scenarioCanAdd>true</scenarioCanAdd>
        <maxSeverity>1.0</maxSeverity>
        <isBad>false</isBad>
        <comps>
          <li Class="HediffCompProperties_SeverityPerDay">
            <severityPerDay>-8</severityPerDay>
          </li>
        </comps>
        <stages>
          <li>
            <label></label>
            <minSeverity>.001</minSeverity>
            <capMods>
              <li>
                <capacity>Moving</capacity>
                <offset>1.5</offset>
              </li>
              <li>
                <capacity>Manipulation</capacity>
                <offset>1.5</offset>
              </li>
            </capMods>
            <statOffsets>
                <MoveSpeed>3.0</MoveSpeed>
            </statOffsets>
          </li>
        </stages>
    </HediffDef>
	
    <HediffDef>
        <defName>TM_CombatDrugsAwareness_HD1</defName>
        <hediffClass>HediffWithComps</hediffClass>
        <label>Combat Drugs (awareness)</label>
        <description>Administered combat drugs are improving various senses, improving overall awareness.</description>
        <defaultLabelColor>(0.24,0.8,0.24)</defaultLabelColor>
        <scenarioCanAdd>true</scenarioCanAdd>
        <maxSeverity>1.0</maxSeverity>
        <isBad>false</isBad>
        <comps>
          <li Class="HediffCompProperties_SeverityPerDay">
            <severityPerDay>-8</severityPerDay>
          </li>
        </comps>
        <stages>
          <li>
            <label></label>
            <minSeverity>.001</minSeverity>
		<capMods>
		  <li>
			  <capacity>Hearing</capacity>
			  <offset>1.0</offset>
		  </li>
		  <li>
			  <capacity>Consciousness</capacity>
			  <offset>1.0</offset>
		  </li>
		</capMods>
            <statOffsets>
                <MeleeDodgeChance>20</MeleeDodgeChance>
		<PsychicSensitivity>2.0</PsychicSensitivity>
            </statOffsets>
          </li>
        </stages>
    </HediffDef>
	
    <HediffDef>
        <defName>TM_CombatDrugsAccuracy_HD1</defName>
        <hediffClass>HediffWithComps</hediffClass>
        <label>Combat Drugs (accuracy)</label>
        <description>Administered drugs are improving their general aiming capabilities.</description>
        <defaultLabelColor>(0.24,0.8,0.24)</defaultLabelColor>
        <scenarioCanAdd>true</scenarioCanAdd>
        <maxSeverity>1.0</maxSeverity>
        <isBad>false</isBad>
        <comps>
          <li Class="HediffCompProperties_SeverityPerDay">
            <severityPerDay>-8</severityPerDay>
          </li>
        </comps>
        <stages>
          <li>
            <label></label>
            <minSeverity>.001</minSeverity>
            <capMods>
              <li>
                <capacity>Sight</capacity>
                <offset>1.2</offset>
              </li>
            </capMods>
	    <statOffsets>
                <ShootingAccuracyPawn>+20</ShootingAccuracyPawn>
                <MeleeHitChance>+20</MeleeHitChance>
                <AimingDelayFactor>-0.60</AimingDelayFactor>
            </statOffsets>
          </li>
        </stages>
    </HediffDef>

	<HediffDef>
        <defName>TM_SomnolenceHD</defName>
        <hediffClass>HediffWithComps</hediffClass>
        <label>Somnolence</label>
        <description>This individual is being assaulted by waking nightmares, forcing their consciousness deep into darkness.</description>
    	<defaultLabelColor>(0.8, 0.8, 1)</defaultLabelColor>
        <scenarioCanAdd>true</scenarioCanAdd>
        <maxSeverity>1.0</maxSeverity>
        <isBad>true</isBad>
        <comps>
          <li Class="HediffCompProperties_SeverityPerDay">
            <severityPerDay>-1.0</severityPerDay>
          </li>
        </comps>
        <stages>
          <li>
            <label></label>
            <minSeverity>.001</minSeverity>
            <painOffset>0.8</painOffset>
            <capMods>
	    <li>
              <capacity>Consciousness</capacity>
              <offset>-0.4</offset>
            </li>
            <li>
               <capacity>BloodFiltration</capacity>
               <offset>-0.4</offset>
            </li>
            <li>
               <capacity>BloodPumping</capacity>
               <offset>-0.4</offset>
            </li>
            <li>
               <capacity>Breathing</capacity>
               <offset>-0.4</offset>
            </li>
            </capMods>
          </li>
        </stages>
    </HediffDef>

	<HediffDef>
        <defName>TM_ResistDarknessHD</defName>
        <hediffClass>HediffWithComps</hediffClass>
        <label>Resisting Darkness</label>
        <description>This individual is fighting their inner demons, for the time being...</description>
    	<defaultLabelColor>(0.93, 0.93, 0.82)</defaultLabelColor>
        <scenarioCanAdd>true</scenarioCanAdd>
        <maxSeverity>1.0</maxSeverity>
        <isBad>false</isBad>
        <comps>
          <li Class="HediffCompProperties_SeverityPerDay">
            <severityPerDay>-64.0</severityPerDay>
          </li>
        </comps>
        <stages>
          <li>
            <label></label>
            <minSeverity>.001</minSeverity>
            <painOffset>-0.6</painOffset>
            <capMods>
	    <li>
              <capacity>Consciousness</capacity>
              <offset>0.3</offset>
            </li>
            <li>
               <capacity>BloodFiltration</capacity>
               <offset>0.3</offset>
            </li>
            <li>
               <capacity>BloodPumping</capacity>
               <offset>0.3</offset>
            </li>
            <li>
               <capacity>Breathing</capacity>
               <offset>0.3</offset>
            </li>
            </capMods>
          </li>
        </stages>
    </HediffDef>

  <HediffDef>
    <defName>TM_DementiaHD</defName>
	<hediffClass>HediffWithComps</hediffClass>
    <defaultLabelColor>(0.8, 0.8, 1)</defaultLabelColor>
    <label>Dementia</label>
	<description>Frequently causes a target to become confused.</description>
    <lethalSeverity>50</lethalSeverity>
	<isBad>true</isBad>
	<comps>
      <li Class="HediffCompProperties_SeverityPerDay">
        <severityPerDay>-1600</severityPerDay>
      </li>
    </comps>
    <stages>
      <li>
        <label>Wandering confused</label>
        <minSeverity>0.1</minSeverity>
		<mentalStateGivers>
			<li>
			 <mentalState>WanderConfused</mentalState>
			 <mtbDays>0.001</mtbDays>
			</li>
		</mentalStateGivers>
      </li>      
    </stages>
  </HediffDef>

	<HediffDef>
        <defName>TM_AntidepressantsHD</defName>
        <hediffClass>HediffWithComps</hediffClass>
        <label>Antidepressants</label>
        <description>Antidepressants are lightening the mood and clearing up the mind. They have minor side effects, however, often manifesting as slight brain fog or clumsiness.</description>
    	<defaultLabelColor>(0.8, 0.8, 1)</defaultLabelColor>
        <scenarioCanAdd>true</scenarioCanAdd>
        <maxSeverity>1.0</maxSeverity>
        <isBad>false</isBad>
        <comps>
          <li Class="HediffCompProperties_SeverityPerDay">
            <severityPerDay>-1.5</severityPerDay>
          </li>
        </comps>
        <stages>
          <li>
            <label></label>
            <minSeverity>.001</minSeverity>
            <statOffsets>
		  <MentalBreakThreshold>-.16</MentalBreakThreshold>
            </statOffsets>
            <capMods>
            <li>
               <capacity>Moving</capacity>
               <offset>-0.05</offset>
            </li>
            <li>
               <capacity>Manipulation</capacity>
               <offset>-0.05</offset>
            </li>
            </capMods>
          </li>
        </stages>
    </HediffDef>

	<HediffDef>
        <defName>TM_ThermoPillsHD</defName>
        <hediffClass>HediffWithComps</hediffClass>
        <label>Thermoregulatory Supplements</label>
        <description>Thermoregulatory supplements are increasing the body's resistance to extreme temperatures.</description>
    	<defaultLabelColor>(0.8, 0.8, 1)</defaultLabelColor>
        <scenarioCanAdd>true</scenarioCanAdd>
        <maxSeverity>1.0</maxSeverity>
        <isBad>false</isBad>
        <comps>
          <li Class="HediffCompProperties_SeverityPerDay">
            <severityPerDay>-1.5</severityPerDay>
          </li>
        </comps>
        <stages>
          <li>
            <label></label>
            <minSeverity>.001</minSeverity>
            <statOffsets>
		  <ComfyTemperatureMax>18</ComfyTemperatureMax>
		  <ComfyTemperatureMin>-18</ComfyTemperatureMin>
            </statOffsets>
          </li>
        </stages>
    </HediffDef>

	<HediffDef>
        <defName>TM_BarkskinHD</defName>
        <hediffClass>HediffWithComps</hediffClass>
        <label>Barkskin</label>
        <description>Magical bark covering the body is increasing defense to physical attacks, but creating a susceptibility to heat damage.</description>
    	<defaultLabelColor>(0.72, 0.56, 0.23)</defaultLabelColor>
        <scenarioCanAdd>true</scenarioCanAdd>
        <maxSeverity>1.0</maxSeverity>
        <isBad>false</isBad>
        <comps>
          <li Class="HediffCompProperties_SeverityPerDay">
            <severityPerDay>-1.6</severityPerDay>
          </li>
        </comps>
        <stages>
          <li>
            <label></label>
            <minSeverity>.001</minSeverity>
            <statOffsets>
		<ArmorRating_Blunt>1.5</ArmorRating_Blunt>
		<ArmorRating_Sharp>1.5</ArmorRating_Sharp>
		<ArmorRating_Heat>-1.5</ArmorRating_Heat>
            </statOffsets>
          </li>
        </stages>
    </HediffDef>

	<HediffDef>
        <defName>TM_ProtectHD</defName>
        <hediffClass>HediffWithComps</hediffClass>
        <label>Protect</label>
        <description>A magical buff is temporarily granting moderate increases to defense.</description>
    	<defaultLabelColor>(0.8, 0.8, 1)</defaultLabelColor>
        <scenarioCanAdd>true</scenarioCanAdd>
        <maxSeverity>1.0</maxSeverity>
        <isBad>false</isBad>
        <comps>
          <li Class="HediffCompProperties_SeverityPerDay">
            <severityPerDay>-6</severityPerDay>
          </li>
        </comps>
        <stages>
          <li>
            <label></label>
            <minSeverity>.001</minSeverity>
            <statOffsets>
	        <ArmorRating_Alignment>0.5</ArmorRating_Alignment>
		<ArmorRating_Blunt>0.5</ArmorRating_Blunt>
		<ArmorRating_Sharp>0.5</ArmorRating_Sharp>
		<ArmorRating_Heat>0.5</ArmorRating_Heat>
            </statOffsets>
	    <statFactors>
          	<IncomingDamageFactor>0.8</IncomingDamageFactor>
            </statFactors>
          </li>
        </stages>
    </HediffDef>

	<HediffDef>
        <defName>TM_SerenityHD</defName>
        <hediffClass>HediffWithComps</hediffClass>
        <label>Serenity</label>
        <description>Attunement with the flow of the world can only lead to serenity.</description>
    	<defaultLabelColor>(0.8, 0.8, 1)</defaultLabelColor>
        <scenarioCanAdd>true</scenarioCanAdd>
        <maxSeverity>1.0</maxSeverity>
        <isBad>false</isBad>
        <comps>
          <li Class="HediffCompProperties_SeverityPerDay">
            <severityPerDay>-40</severityPerDay>
          </li>
        </comps>
        <stages>
          <li>
            <label></label>
            <minSeverity>.001</minSeverity>
	    <painFactor>0</painFactor>
            <statOffsets>
	    	<PsychicSensitivity>-10.0</PsychicSensitivity>
	        <ArmorRating_Alignment>10</ArmorRating_Alignment>
		<ArmorRating_Blunt>10</ArmorRating_Blunt>
		<ArmorRating_Sharp>10</ArmorRating_Sharp>
		<ArmorRating_Heat>10</ArmorRating_Heat>
                <MeleeDodgeChance>200</MeleeDodgeChance>
		<ComfyTemperatureMax>1000</ComfyTemperatureMax>
		<ComfyTemperatureMin>-1000</ComfyTemperatureMin>
            </statOffsets>
	    <statFactors>
          	<IncomingDamageFactor>0.0</IncomingDamageFactor>
            </statFactors>
          </li>
        </stages>
    </HediffDef>

	<HediffDef>
        <defName>TM_FlowHD</defName>
        <hediffClass>HediffWithComps</hediffClass>
        <label>Flowing stance</label>
        <description>Be like water, my friend.</description>
    	<defaultLabelColor>(0.24, 0.42, 0.90)</defaultLabelColor>
        <scenarioCanAdd>true</scenarioCanAdd>
        <maxSeverity>1.0</maxSeverity>
        <isBad>false</isBad>
        <comps>
          <li Class="HediffCompProperties_SeverityPerDay">
            <severityPerDay>-70</severityPerDay>
          </li>
        </comps>
        <stages>
          <li>
            <label></label>
            <minSeverity>.001</minSeverity>
            <statOffsets>
	    	<PsychicSensitivity>-10.0</PsychicSensitivity>
	        <ArmorRating_Alignment>10</ArmorRating_Alignment>
		<ArmorRating_Blunt>10</ArmorRating_Blunt>
		<ArmorRating_Sharp>10</ArmorRating_Sharp>
		<ArmorRating_Heat>10</ArmorRating_Heat>
                <MeleeDodgeChance>200</MeleeDodgeChance>
            </statOffsets>
	    <statFactors>
          	<IncomingDamageFactor>0.0</IncomingDamageFactor>
            </statFactors>
          </li>
        </stages>
    </HediffDef>

	<HediffDef>
        <defName>TM_BlastShieldHD</defName>
        <hediffClass>HediffWithComps</hediffClass>
        <label>Blast Shield</label>
        <description>Utilizing explosive energy to mitigate incoming damage.</description>
    	<defaultLabelColor>(0.8, 0.8, 1)</defaultLabelColor>
        <scenarioCanAdd>true</scenarioCanAdd>
        <maxSeverity>10.0</maxSeverity>
        <isBad>false</isBad>
        <comps>
          <li Class="HediffCompProperties_SeverityPerDay">
            <severityPerDay>-12</severityPerDay>
          </li>
        </comps>
        <stages>
          <li>
            <label></label>
            <minSeverity>.001</minSeverity>
            <statOffsets>
		<ArmorRating_Blunt>1.0</ArmorRating_Blunt>
		<ArmorRating_Sharp>1.0</ArmorRating_Sharp>
		<ArmorRating_Heat>1.0</ArmorRating_Heat>
            </statOffsets>
	    <statFactors>
          	<IncomingDamageFactor>0.1</IncomingDamageFactor>
            </statFactors>
          </li>
        </stages>
    </HediffDef>

	<HediffDef>
        <defName>TM_ChainWardHD</defName>
        <hediffClass>HediffWithComps</hediffClass>
        <label>Chain Ward</label>
        <description>Chains wrapped around the body's weakspots are reducing incoming damage.</description>
    	<defaultLabelColor>(0.8, 0.8, 1)</defaultLabelColor>
        <scenarioCanAdd>true</scenarioCanAdd>
        <maxSeverity>1.0</maxSeverity>
        <isBad>false</isBad>
        <comps>
          <li Class="HediffCompProperties_SeverityPerDay">
            <severityPerDay>-6</severityPerDay>
          </li>
        </comps>
        <stages>
          <li>
            <label></label>
            <minSeverity>.001</minSeverity>
            <statOffsets>
		<ArmorRating_Blunt>0.5</ArmorRating_Blunt>
		<ArmorRating_Sharp>0.5</ArmorRating_Sharp>
		<ArmorRating_Heat>0.5</ArmorRating_Heat>
            </statOffsets>
	    <statFactors>
          	<IncomingDamageFactor>0.75</IncomingDamageFactor>
            </statFactors>
          </li>
        </stages>
    </HediffDef>

  <HediffDef>
    <defName>TM_BerserkingRageHD</defName>
	<hediffClass>HediffWithComps</hediffClass>
    <defaultLabelColor>(0.83, 0.0, 0.0)</defaultLabelColor>
    <label>Rampaging</label>
	<description>The pawn is rampaging around from recently going berserk.</description>
	<isBad>true</isBad>
	<comps>
      <li Class="HediffCompProperties_SeverityPerDay">
        <severityPerDay>-12</severityPerDay>
      </li>
    </comps>
    <stages>
      <li>
        <label></label>
        <minSeverity>0.1</minSeverity>
	<painFactor>0</painFactor>
            <statOffsets>
		<MoveSpeed>5.0</MoveSpeed>
		<ArmorRating_Blunt>1.0</ArmorRating_Blunt>
		<ArmorRating_Sharp>1.0</ArmorRating_Sharp>
		<ArmorRating_Heat>1.0</ArmorRating_Heat>
		<MeleeArmorPenetration>3</MeleeArmorPenetration>
                <MeleeHitChance>30</MeleeHitChance>
                <MeleeDodgeChance>-30</MeleeDodgeChance>
            </statOffsets>
            <capMods>
	    <li>
              <capacity>Consciousness</capacity>
              <offset>+1.0</offset>
            </li>
            <li>
               <capacity>BloodFiltration</capacity>
               <offset>+1.0</offset>
            </li>
            <li>
               <capacity>BloodPumping</capacity>
               <offset>+1.0</offset>
            </li>
            <li>
               <capacity>Breathing</capacity>
               <offset>+1.0</offset>
            </li>
            <li>
               <capacity>Manipulation</capacity>
               <offset>+3.0</offset>
            </li>
            </capMods>
      </li>      
    </stages>
  </HediffDef>

  <HediffDef>
    <defName>TM_BerserkHD</defName>
	<hediffClass>HediffWithComps</hediffClass>
    <defaultLabelColor>(0.83, 0.0, 0.0)</defaultLabelColor>
    <label>Berserk</label>
	<description>The pawn is flying into a blind rage!</description>
	<isBad>true</isBad>
	<comps>
      <li Class="HediffCompProperties_SeverityPerDay">
        <severityPerDay>-200</severityPerDay>
      </li>
    </comps>
    <stages>
      <li>
        <label></label>
        <minSeverity>0.1</minSeverity>
		<mentalStateGivers>
			<li>
			 <mentalState>Berserk</mentalState>
			 <mtbDays>0.0001</mtbDays>
			</li>
		</mentalStateGivers>
      </li>      
    </stages>
  </HediffDef>

  <HediffDef>
    <defName>TM_FleeHD</defName>
	<hediffClass>HediffWithComps</hediffClass>
    <defaultLabelColor>(1.0, 0.00, 0.0)</defaultLabelColor>
    <label>Terrified</label>
	<description>The pawn is going to flee for their lives!</description>
	<isBad>true</isBad>
	<comps>
      <li Class="HediffCompProperties_SeverityPerDay">
        <severityPerDay>-200</severityPerDay>
      </li>
    </comps>
    <stages>
      <li>
        <label></label>
        <minSeverity>0.1</minSeverity>
		<mentalStateGivers>
			<li>
			 <mentalState>PanicFlee</mentalState>
			 <mtbDays>0.0001</mtbDays>
			</li>
		</mentalStateGivers>
      </li>      
    </stages>
  </HediffDef>

  <HediffDef>
    <defName>TM_ThousandCutsHD1</defName>
	<hediffClass>HediffWithComps</hediffClass>
	<label>Bloodspill</label>
	<description>Numerous cuts to the body are causing extreme bleeding.</description>
    <defaultLabelColor>(0.6,0,0.0)</defaultLabelColor>
    <scenarioCanAdd>false</scenarioCanAdd>
	<makesSickThought>false</makesSickThought>
	<tendable>false</tendable>
    <makesAlert>false</makesAlert>
	<maxSeverity>100.0</maxSeverity>
	<isBad>true</isBad>
	<initialSeverity>.5</initialSeverity>
	<comps>
	  <li>
        <compClass>TorannMagic.HediffComp_Rend</compClass>
      </li>	  
    </comps>
	<stages>
      <li>
        <label></label>
        <minSeverity>0.001</minSeverity>
		<becomeVisible>true</becomeVisible>
      </li>	  
	</stages>
  </HediffDef>

  <HediffDef>
    <defName>TM_ThousandCutsHD2</defName>
	<hediffClass>HediffWithComps</hediffClass>
	<label>Bloodspill</label>
	<description>Numerous cuts to the body are causing extreme bleeding.</description>
    <defaultLabelColor>(0.6,0,0.0)</defaultLabelColor>
    <scenarioCanAdd>false</scenarioCanAdd>
	<makesSickThought>false</makesSickThought>
	<tendable>false</tendable>
    <makesAlert>false</makesAlert>
	<maxSeverity>100.0</maxSeverity>
	<isBad>true</isBad>
	<initialSeverity>.5</initialSeverity>
	<comps>
	  <li>
        <compClass>TorannMagic.HediffComp_Rend</compClass>
      </li>	  
    </comps>
	<stages>
      <li>
        <label></label>
        <minSeverity>0.001</minSeverity>
		<becomeVisible>true</becomeVisible>
      </li>	  
	</stages>
  </HediffDef>

  <HediffDef>
    <defName>TM_ThousandCutsHD3</defName>
	<hediffClass>HediffWithComps</hediffClass>
	<label>Bloodspill</label>
	<description>Numerous cuts to the body are causing extreme bleeding.</description>
    <defaultLabelColor>(0.6,0,0.0)</defaultLabelColor>
    <scenarioCanAdd>false</scenarioCanAdd>
	<makesSickThought>false</makesSickThought>
	<tendable>false</tendable>
    <makesAlert>false</makesAlert>
	<maxSeverity>100.0</maxSeverity>
	<isBad>true</isBad>
	<initialSeverity>.5</initialSeverity>
	<comps>
	  <li>
        <compClass>TorannMagic.HediffComp_Rend</compClass>
      </li>	  
    </comps>
	<stages>
      <li>
        <label></label>
        <minSeverity>0.001</minSeverity>
		<becomeVisible>true</becomeVisible>
      </li>	  
	</stages>
  </HediffDef>

  <HediffDef>
    <defName>TM_ThousandCutsHD4</defName>
	<hediffClass>HediffWithComps</hediffClass>
	<label>Bloodspill</label>
	<description>Numerous cuts to the body are causing extreme bleeding.</description>
    <defaultLabelColor>(0.6,0,0.0)</defaultLabelColor>
    <scenarioCanAdd>false</scenarioCanAdd>
	<makesSickThought>false</makesSickThought>
	<tendable>false</tendable>
    <makesAlert>false</makesAlert>
	<maxSeverity>100.0</maxSeverity>
	<isBad>true</isBad>
	<initialSeverity>.5</initialSeverity>
	<comps>
	  <li>
        <compClass>TorannMagic.HediffComp_Rend</compClass>
      </li>	  
    </comps>
	<stages>
      <li>
        <label></label>
        <minSeverity>0.001</minSeverity>
		<becomeVisible>true</becomeVisible>
      </li>	  
	</stages>
  </HediffDef>

  <HediffDef>
    <defName>TM_ThousandCutsHD5</defName>
	<hediffClass>HediffWithComps</hediffClass>
	<label>Bloodspill</label>
	<description>Numerous cuts to the body are causing extreme bleeding.</description>
    <defaultLabelColor>(0.6,0,0.0)</defaultLabelColor>
    <scenarioCanAdd>false</scenarioCanAdd>
	<makesSickThought>false</makesSickThought>
	<tendable>false</tendable>
    <makesAlert>false</makesAlert>
	<maxSeverity>100.0</maxSeverity>
	<isBad>true</isBad>
	<initialSeverity>.5</initialSeverity>
	<comps>
	  <li>
        <compClass>TorannMagic.HediffComp_Rend</compClass>
      </li>	  
    </comps>
	<stages>
      <li>
        <label></label>
        <minSeverity>0.001</minSeverity>
		<becomeVisible>true</becomeVisible>
      </li>	  
	</stages>
  </HediffDef>

  <HediffDef>
    <defName>TM_ThousandCutsHD6</defName>
	<hediffClass>HediffWithComps</hediffClass>
	<label>Bloodspill</label>
	<description>Numerous cuts to the body are causing extreme bleeding.</description>
    <defaultLabelColor>(0.6,0,0.0)</defaultLabelColor>
    <scenarioCanAdd>false</scenarioCanAdd>
	<makesSickThought>false</makesSickThought>
	<tendable>false</tendable>
    <makesAlert>false</makesAlert>
	<maxSeverity>100.0</maxSeverity>
	<isBad>true</isBad>
	<initialSeverity>.5</initialSeverity>
	<comps>
	  <li>
        <compClass>TorannMagic.HediffComp_Rend</compClass>
      </li>	  
    </comps>
	<stages>
      <li>
        <label></label>
        <minSeverity>0.001</minSeverity>
		<becomeVisible>true</becomeVisible>
      </li>	  
	</stages>
  </HediffDef>

  <HediffDef>
    <defName>TM_PanicFleeHD</defName>
	<hediffClass>HediffWithComps</hediffClass>
    <defaultLabelColor>(1.0, 0.00, 0.0)</defaultLabelColor>
    <label>Fleeing</label>
	<description>The pawn is fleeing for their lives!</description>
	<isBad>true</isBad>
	<comps>
      <li Class="HediffCompProperties_SeverityPerDay">
        <severityPerDay>-6</severityPerDay>
      </li>
    </comps>
    <stages>
      <li>
        <label></label>
        <minSeverity>0.1</minSeverity>
		<mentalStateGivers>
			<li>
			 <mentalState>PanicFlee</mentalState>
			 <mtbDays>0.001</mtbDays>
			</li>
		</mentalStateGivers>
      </li>      
    </stages>
  </HediffDef>

  <HediffDef>
    <defName>TM_WanderPsychoticHD</defName>
	<hediffClass>HediffWithComps</hediffClass>
    <defaultLabelColor>(0.00, 0.83, 0.0)</defaultLabelColor>
    <label></label>
	<description>The pawn has lost touch with reality and is seeing and interacting with things that don't exist.</description>
	<isBad>true</isBad>
	<comps>
      <li Class="HediffCompProperties_SeverityPerDay">
        <severityPerDay>-6</severityPerDay>
      </li>
    </comps>
    <stages>
      <li>
        <label></label>
        <minSeverity>0.1</minSeverity>
		<mentalStateGivers>
			<li>
			 <mentalState>TM_WanderPsychotic</mentalState>
			 <mtbDays>0.001</mtbDays>
			</li>
		</mentalStateGivers>
      </li>      
    </stages>
  </HediffDef>

  <HediffDef>
    <defName>TM_WanderSadHD</defName>
	<hediffClass>HediffWithComps</hediffClass>
    <defaultLabelColor>(0.0, 0.0, 0.83)</defaultLabelColor>
    <label></label>
	<description>The pawn is in a state of inconsolable depression, and is wandering around aimlessly.</description>
	<isBad>true</isBad>
	<comps>
      <li Class="HediffCompProperties_SeverityPerDay">
        <severityPerDay>-6</severityPerDay>
      </li>
    </comps>
    <stages>
      <li>
        <label></label>
        <minSeverity>0.1</minSeverity>
		<mentalStateGivers>
			<li>
			 <mentalState>TM_WanderSad</mentalState>
			 <mtbDays>0.001</mtbDays>
			</li>
		</mentalStateGivers>
      </li>      
    </stages>
  </HediffDef>

  <HediffDef>
    <defName>TM_WailOfDoomHD</defName>
	<hediffClass>HediffWithComps</hediffClass>
    <defaultLabelColor>(1.0, 0.00, 0.0)</defaultLabelColor>
    <label>Wail Of Doom</label>
	<description>The pawn's mind is under the corrupting influence of dark magic, severely impacting their mental state.</description>
	<isBad>true</isBad>
	<comps>
      <li Class="HediffCompProperties_SeverityPerDay">
        <severityPerDay>-6</severityPerDay>
      </li>
    </comps>
    <stages>
      <li>
        <label></label>
        <minSeverity>0.1</minSeverity>
      	    <vomitMtbDays>0.035</vomitMtbDays>
		<mentalStateGivers>
			<li>
			 <mentalState>Berserk</mentalState>
			 <mtbDays>0.025</mtbDays>
			</li>
			<li>
			 <mentalState>TM_WanderPsychotic</mentalState>
			 <mtbDays>0.035</mtbDays>
			</li>
			<li>
			 <mentalState>TM_WanderSad</mentalState>
			 <mtbDays>0.035</mtbDays>
			</li>
			<li>
			 <mentalState>WanderConfused</mentalState>
			 <mtbDays>0.035</mtbDays>
			</li>
		</mentalStateGivers>
      </li>      
    </stages>
  </HediffDef>

  <HediffDef>
    <defName>TM_FireAtWillHD</defName>
	<hediffClass>HediffWithComps</hediffClass>
    <defaultLabelColor>(0.83, 0.0, 0.0)</defaultLabelColor>
    <label>Fire At Will</label>
	<description>Double time it!</description>
	<isBad>false</isBad>
	<comps>
      <li Class="HediffCompProperties_SeverityPerDay">
        <severityPerDay>-48</severityPerDay>
      </li>
    </comps>
    <stages>
      <li>
        <label></label>
        <minSeverity>0.1</minSeverity>
            <statOffsets>
                <AimingDelayFactor>-0.50</AimingDelayFactor>
		<ShootingAccuracyPawn>5.0</ShootingAccuracyPawn>
            </statOffsets>
            <capMods>
	    <li>
              <capacity>Sight</capacity>
              <offset>+0.2</offset>
            </li>
	    <li>
              <capacity>Consciousness</capacity>
              <offset>+0.2</offset>
            </li>
            <li>
               <capacity>BloodPumping</capacity>
               <offset>+0.2</offset>
            </li>
            <li>
               <capacity>Breathing</capacity>
               <offset>+0.2</offset>
            </li>
            <li>
               <capacity>Manipulation</capacity>
               <offset>+0.2</offset>
            </li>
            </capMods>
      </li>      
    </stages>
  </HediffDef>

  <HediffDef>
    <defName>TM_GrandFinaleHD</defName>
	<hediffClass>HediffWithComps</hediffClass>
    <defaultLabelColor>(0.83, 0.0, 0.0)</defaultLabelColor>
    <label>Grand Finale</label>
	<description>The stage is set. One last dance, before the curtain call!</description>
	<isBad>false</isBad>
	<comps>
      <li Class="HediffCompProperties_SeverityPerDay">
        <severityPerDay>-48</severityPerDay>
      </li>
    </comps>
    <stages>
      <li>
        <label></label>
        <minSeverity>0.1</minSeverity>
            <statOffsets>
		<MoveSpeed>1.0</MoveSpeed>
                <MeleeHitChance>20</MeleeHitChance>
                <AimingDelayFactor>-0.70</AimingDelayFactor>
		<ShootingAccuracyPawn>10.0</ShootingAccuracyPawn>
            </statOffsets>
            <capMods>
	    <li>
              <capacity>Sight</capacity>
              <offset>+1.0</offset>
            </li>
	    <li>
              <capacity>Consciousness</capacity>
              <offset>+1.0</offset>
            </li>
            <li>
               <capacity>BloodFiltration</capacity>
               <offset>+1.0</offset>
            </li>
            <li>
               <capacity>BloodPumping</capacity>
               <offset>+1.0</offset>
            </li>
            <li>
               <capacity>Breathing</capacity>
               <offset>+1.0</offset>
            </li>
            <li>
               <capacity>Manipulation</capacity>
               <offset>+1.0</offset>
            </li>
            </capMods>
      </li>      
    </stages>
  </HediffDef>

  <HediffDef>
    <defName>TM_WindstepHD</defName>
	<hediffClass>HediffWithComps</hediffClass>
    <defaultLabelColor>(0.8, 0.8, 1.0)</defaultLabelColor>
    <label>Windstep</label>
	<description>Magical winds are guiding this pawn's actions, drastically increasing their speed and accuracy.</description>
	<isBad>false</isBad>
	<comps>
      <li Class="HediffCompProperties_SeverityPerDay">
        <severityPerDay>-48</severityPerDay>
      </li>
    </comps>
    <stages>
      <li>
        <label></label>
        <minSeverity>0.1</minSeverity>
            <statOffsets>
		<MoveSpeed>5.0</MoveSpeed>
                <MeleeHitChance>30</MeleeHitChance>
                <AimingDelayFactor>-0.99</AimingDelayFactor>
		<ShootingAccuracyPawn>30.0</ShootingAccuracyPawn>
            </statOffsets>
      </li>      
    </stages>
  </HediffDef>

  <HediffDef>
    <defName>TM_TailwindHD</defName>
	<hediffClass>HediffWithComps</hediffClass>
    <defaultLabelColor>(0.8, 0.8, 1)</defaultLabelColor>
    <label>Tailwind</label>
	<description>Magical winds are enhancing this pawn's abilities.</description>
	<isBad>false</isBad>
	<comps>
      <li Class="HediffCompProperties_SeverityPerDay">
        <severityPerDay>-48</severityPerDay>
      </li>
    </comps>
    <stages>
      <li>
        <label></label>
        <minSeverity>0.1</minSeverity>
            <statOffsets>
		<MoveSpeed>1.0</MoveSpeed>
                <MeleeHitChance>10</MeleeHitChance>
                <AimingDelayFactor>-0.30</AimingDelayFactor>
		<ShootingAccuracyPawn>5.0</ShootingAccuracyPawn>
            </statOffsets>
            <capMods>
            <li>
               <capacity>Manipulation</capacity>
               <offset>+0.5</offset>
            </li>
            </capMods>
      </li>      
    </stages>
  </HediffDef>

	<HediffDef>
        <defName>TM_LastGaspHD</defName>
        <hediffClass>HediffWithComps</hediffClass>
        <label>Last Gasp</label>
        <description>This unit will die when this status ends.</description>
    	<defaultLabelColor>(0.83, 0.0, 0.0)</defaultLabelColor>
        <scenarioCanAdd>true</scenarioCanAdd>
        <maxSeverity>1.0</maxSeverity>
        <isBad>true</isBad>
        <comps>
          <li Class="HediffCompProperties_SeverityPerDay">
            <severityPerDay>-42.0</severityPerDay>
          </li>
        </comps>
        <stages>
          <li>
            <label></label>
            <minSeverity>.001</minSeverity>
            <capMods>
	    <li>
              <capacity>Consciousness</capacity>
              <offset>5.0</offset>
            </li>
            <li>
               <capacity>BloodFiltration</capacity>
               <offset>5.0</offset>
            </li>
            <li>
               <capacity>BloodPumping</capacity>
               <offset>5.0</offset>
            </li>
            <li>
               <capacity>Breathing</capacity>
               <offset>5.0</offset>
            </li>
            <li>
               <capacity>Moving</capacity>
               <offset>5.0</offset>
            </li>
            </capMods>
          </li>
        </stages>
    </HediffDef>

	<HediffDef>
        <defName>TM_ExplodingHeartHD</defName>
        <hediffClass>HediffWithComps</hediffClass>
        <label>Exploding Heart</label>
        <description>You're already dead.</description>
    	<defaultLabelColor>(0.8, 0.8, 1)</defaultLabelColor>
        <scenarioCanAdd>true</scenarioCanAdd>
        <maxSeverity>1.0</maxSeverity>
        <isBad>true</isBad>
        <comps>
          <li Class="HediffCompProperties_SeverityPerDay">
            <severityPerDay>0.0</severityPerDay>
          </li>
        </comps>
        <stages>
          <li>
            <label></label>
            <minSeverity>.001</minSeverity>
            <capMods>
	    <li>
              <capacity>Consciousness</capacity>
              <offset>-5.0</offset>
            </li>
            <li>
               <capacity>BloodFiltration</capacity>
               <offset>-5.0</offset>
            </li>
            <li>
               <capacity>BloodPumping</capacity>
               <offset>-5.0</offset>
            </li>
            <li>
               <capacity>Breathing</capacity>
               <offset>-5.0</offset>
            </li>
            <li>
               <capacity>Moving</capacity>
               <offset>-5.0</offset>
            </li>
            </capMods>
          </li>
        </stages>
    </HediffDef>

  <HediffDef>
    <defName>TM_ScanHD</defName>
	<hediffClass>HediffWithComps</hediffClass>
    <defaultLabelColor>(0.94, 0.69, 0.12)</defaultLabelColor>
    <label>Scanned</label>
	<description>A keen spotter has called out this target's weaknesses, temporarily increasing damage dealt for a moderate duration.</description>
	<isBad>false</isBad>
	<comps>
      <li Class="HediffCompProperties_SeverityPerDay">
        <severityPerDay>-4</severityPerDay>
      </li>
    </comps>
    <stages>
      <li>
        <label></label>
        <minSeverity>0.1</minSeverity>
	    <statFactors>
          	<IncomingDamageFactor>1.5</IncomingDamageFactor>
            </statFactors>
      </li>      
    </stages>
  </HediffDef>

	<HediffDef>
        <defName>TM_VomitingHD</defName>
        <hediffClass>HediffWithComps</hediffClass>
        <label>Constant Vomiting</label>
        <description>I can't stop vomiting.</description>
    	<defaultLabelColor>(0.8, 0.8, 1)</defaultLabelColor>
        <scenarioCanAdd>true</scenarioCanAdd>
        <maxSeverity>1.0</maxSeverity>
        <isBad>true</isBad>
        <comps>
          <li Class="HediffCompProperties_SeverityPerDay">
            <severityPerDay>-12.0</severityPerDay>
          </li>
        </comps>
        <stages>
          <li>
            <label></label>
            <minSeverity>.001</minSeverity>
      	    <vomitMtbDays>0.01</vomitMtbDays>
          </li>
        </stages>
    </HediffDef>

	<HediffDef>
        <defName>TM_InoculatedHD</defName>
        <hediffClass>HediffWithComps</hediffClass>
        <label>Inoculated</label>
        <description>The pawn has been forcibly dosed with drugs, boosting their immune system and reducing their sensitivity to pain.</description>
    	<defaultLabelColor>(0.7, 0.7, 0.9)</defaultLabelColor>
        <scenarioCanAdd>true</scenarioCanAdd>
        <maxSeverity>1.0</maxSeverity>
        <isBad>true</isBad>
        <comps>
          <li Class="HediffCompProperties_SeverityPerDay">
            <severityPerDay>-1.0</severityPerDay>
          </li>
        </comps>
        <stages>
          <li>
            <painOffset>-0.8</painOffset>
            <label></label>
            <minSeverity>.001</minSeverity>
	    <statOffsets>
                <ImmunityGainSpeed>3.0</ImmunityGainSpeed>
            </statOffsets>
          </li>
        </stages>
    </HediffDef>

	<HediffDef>
        <defName>TM_AgonizingPainHD</defName>
        <hediffClass>HediffWithComps</hediffClass>
        <label>Agonizing pain</label>
        <description>The pawn is experiencing agonizing pain after being operated on without anesthetics.</description>
    	<defaultLabelColor>(0.94, 0.69, 0.12)</defaultLabelColor>
        <scenarioCanAdd>true</scenarioCanAdd>
        <maxSeverity>1.0</maxSeverity>
        <isBad>true</isBad>
        <comps>
          <li Class="HediffCompProperties_SeverityPerDay">
            <severityPerDay>-1.0</severityPerDay>
          </li>
        </comps>
        <stages>
          <li>
            <painOffset>0.8</painOffset>
            <label></label>
            <minSeverity>.001</minSeverity>
          </li>
        </stages>
    </HediffDef>

	<HediffDef>
        <defName>TM_TaintedBloodHD</defName>
        <hediffClass>HediffWithComps</hediffClass>
        <label>Tainted blood</label>
        <description>The pawn has received a transfusion of tainted blood.</description>
    	<defaultLabelColor>(0.94, 0.69, 0.12)</defaultLabelColor>
        <scenarioCanAdd>true</scenarioCanAdd>
        <maxSeverity>1.0</maxSeverity>
        <isBad>true</isBad>
        <comps>
          <li Class="HediffCompProperties_SeverityPerDay">
            <severityPerDay>-1.0</severityPerDay>
          </li>
        </comps>
        <stages>
          <li>
            <label></label>
            <minSeverity>.001</minSeverity>
      	    <vomitMtbDays>0.25</vomitMtbDays>
            <capMods>
            <li>
               <capacity>BloodFiltration</capacity>
               <offset>-0.2</offset>
            </li>
            <li>
               <capacity>BloodPumping</capacity>
               <offset>-0.2</offset>
            </li>
            </capMods>
          </li>
        </stages>
    </HediffDef>

  <HediffDef>
    <defName>TM_ClarionCallHD</defName>
	<hediffClass>HediffWithComps</hediffClass>
    <defaultLabelColor>(0.94, 0.69, 0.12)</defaultLabelColor>
    <label>Clarion Call</label>
	<description>The pawn is energized from hearing the call of a hunting horn.</description>
	<isBad>false</isBad>
	<comps>
      <li Class="HediffCompProperties_SeverityPerDay">
        <severityPerDay>-48</severityPerDay>
      </li>
    </comps>
    <stages>
      <li>
        <label></label>
        <minSeverity>0.1</minSeverity>
            <statOffsets>
		<MoveSpeed>1.5</MoveSpeed>
            </statOffsets>
            <capMods>
	    <li>
              <capacity>Moving</capacity>
              <offset>+1.5</offset>
            </li>
            </capMods>
      </li>      
    </stages>
  </HediffDef>

  <HediffDef>
    <defName>TM_SuperSpeedHD</defName>
	<hediffClass>HediffWithComps</hediffClass>
    <defaultLabelColor>(0.83, 0.0, 0.0)</defaultLabelColor>
    <label>Super Speed</label>
	<description>A burst of energy is causing this pawn to move at incredible speeds.</description>
	<isBad>false</isBad>
	<comps>
      <li Class="HediffCompProperties_SeverityPerDay">
        <severityPerDay>-72</severityPerDay>
      </li>
    </comps>
    <stages>
      <li>
        <label></label>
        <minSeverity>0.1</minSeverity>
            <statOffsets>
		<MoveSpeed>10.0</MoveSpeed>
            </statOffsets>
            <capMods>
	    <li>
              <capacity>Moving</capacity>
              <offset>+10.0</offset>
            </li>
            </capMods>
      </li>      
    </stages>
  </HediffDef>

  <HediffDef>
    <defName>TM_RocketBootsHD</defName>
	<hediffClass>HediffWithComps</hediffClass>
    <defaultLabelColor>(0.83, 0.0, 0.0)</defaultLabelColor>
    <label>Rocket Boots</label>
	<description>Worn rocket boots are propelling this pawn at insane speeds.</description>
	<isBad>false</isBad>
	<comps>
      <li Class="HediffCompProperties_SeverityPerDay">
        <severityPerDay>-72</severityPerDay>
      </li>
    </comps>
    <stages>
      <li>
        <label></label>
        <minSeverity>0.1</minSeverity>
            <statOffsets>
		<MoveSpeed>10.0</MoveSpeed>
            </statOffsets>
            <capMods>
	    <li>
              <capacity>Moving</capacity>
              <offset>+10.0</offset>
            </li>
            </capMods>
      </li>      
    </stages>
  </HediffDef>


  <HediffDef>
    <defName>TM_QilinStanceHD</defName>
	<hediffClass>HediffWithComps</hediffClass>
    <defaultLabelColor>(0.24, 0.42, 0.90)</defaultLabelColor>
    <label>Qilin Stance</label>
	<description>Attunement with the aspect of the Qilin is granting increased resistance and recovery against disease and toxins, resistance to extreme temperatures, and a reprieve from pain, at the cost of increased susceptibility to direct damage.</description>
	<isBad>false</isBad>
	<comps>
      <li Class="HediffCompProperties_SeverityPerDay">
        <severityPerDay>0</severityPerDay>
      </li>
    </comps>
    <stages>
      <li>
        <label></label>
        <minSeverity>0.1</minSeverity>
	<painFactor>0</painFactor>
	<statOffsets>
                <ImmunityGainSpeed>2.0</ImmunityGainSpeed>
		<ComfyTemperatureMax>12</ComfyTemperatureMax>
		<ComfyTemperatureMin>-12</ComfyTemperatureMin>
		<ToxicSensitivity>-.50</ToxicSensitivity>
		<TameAnimalChance>0.50</TameAnimalChance>
		<TrainAnimalChance>0.50</TrainAnimalChance>
		<PlantWorkSpeed>0.5</PlantWorkSpeed>
		<PlantHarvestYield>0.5</PlantHarvestYield>
        </statOffsets>
        <capMods>
	    <li>
              <capacity>Consciousness</capacity>
              <offset>+0.5</offset>
            </li>
            <li>
               <capacity>BloodFiltration</capacity>
               <offset>+0.5</offset>
            </li>
            <li>
               <capacity>BloodPumping</capacity>
               <offset>+0.5</offset>
            </li>
            <li>
               <capacity>Breathing</capacity>
               <offset>+0.5</offset>
            </li>
        </capMods>
	<statFactors>
            <IncomingDamageFactor>2.0</IncomingDamageFactor>
        </statFactors>
      </li>      
    </stages>
  </HediffDef>

  <HediffDef>
    <defName>TM_TurtleStanceHD</defName>
	<hediffClass>HediffWithComps</hediffClass>
    <defaultLabelColor>(0.22, 0.88, 0.44)</defaultLabelColor>
    <label>Turtle Stance</label>
	<description>Attunement with the aspect of the Turtle is granting increased defensive capabilities, at the cost of reduced offense and mobility.</description>
	<isBad>false</isBad>
	<comps>
      <li Class="HediffCompProperties_SeverityPerDay">
        <severityPerDay>0</severityPerDay>
      </li>
    </comps>
    <stages>
      <li>
        <label></label>
        <minSeverity>0.1</minSeverity>
            <statOffsets>
                <MeleeHitChance>-10</MeleeHitChance>
                <MeleeDodgeChance>-10</MeleeDodgeChance>
		<ShootingAccuracyPawn>-10.0</ShootingAccuracyPawn>
	        <ArmorRating_Alignment>1.0</ArmorRating_Alignment>
		<ArmorRating_Blunt>1.0</ArmorRating_Blunt>
		<ArmorRating_Sharp>1.0</ArmorRating_Sharp>
		<ArmorRating_Heat>1.0</ArmorRating_Heat>
		<MiningSpeed>1.0</MiningSpeed>
		<MiningYield>1.0</MiningYield>
		<ConstructionSpeed>1.0</ConstructionSpeed>
		<CarryingCapacity>+20</CarryingCapacity>
		<MentalBreakThreshold>-0.15</MentalBreakThreshold>
		<PainShockThreshold>0.20</PainShockThreshold>
            </statOffsets>
            <capMods>
	    <li>
              <capacity>Moving</capacity>
              <setMax>0.5</setMax>
            </li>
            </capMods>
	    <statFactors>
          	<IncomingDamageFactor>0.75</IncomingDamageFactor>
            </statFactors>
      </li>      
    </stages>
  </HediffDef>

  <HediffDef>
    <defName>TM_PhoenixStanceHD</defName>
	<hediffClass>HediffWithComps</hediffClass>
    <defaultLabelColor>(0.94, 0.69, 0.12)</defaultLabelColor>
    <label>Phoenix Stance</label>
	<description>Attunement with the aspect of the Phoenix is increasing movement speed and sight.</description>
	<isBad>false</isBad>
	<comps>
      <li Class="HediffCompProperties_SeverityPerDay">
        <severityPerDay>0</severityPerDay>
      </li>
    </comps>
    <stages>
      <li>
        <label></label>
        <minSeverity>0.1</minSeverity>
            <statOffsets>
		<MoveSpeed>1.0</MoveSpeed>
		<WorkSpeedGlobal>0.40</WorkSpeedGlobal>
		<SmeltingSpeed>1.0</SmeltingSpeed>
		<ButcheryFleshSpeed>1.0</ButcheryFleshSpeed>
            </statOffsets>
            <capMods>
	    <li>
              <capacity>Moving</capacity>
              <offset>+1.0</offset>
            </li>
	    <li>
              <capacity>Sight</capacity>
              <offset>+1.0</offset>
            </li>
            </capMods>
      </li>      
    </stages>
  </HediffDef>

  <HediffDef>
    <defName>TM_DragonStanceHD</defName>
	<hediffClass>HediffWithComps</hediffClass>
    <defaultLabelColor>(0.76, 0.13, 0.05)</defaultLabelColor>
    <label>Dragon Stance</label>
	<description>Attunement with the temperamental aspect of the Dragon is granting increased melee capabilities, but also increased sensitivity to many things.</description>
	<isBad>false</isBad>
	<comps>
      <li Class="HediffCompProperties_SeverityPerDay">
        <severityPerDay>0</severityPerDay>
      </li>
    </comps>
    <stages>
      <li>
        <label></label>
        <minSeverity>0.1</minSeverity>
            <statOffsets>
		<MoveSpeed>1.0</MoveSpeed>
                <MeleeHitChance>25</MeleeHitChance>
                <MeleeDodgeChance>25</MeleeDodgeChance>
		<MeleeArmorPenetration>4</MeleeArmorPenetration>
		<MentalBreakThreshold>+0.12</MentalBreakThreshold>
		<PainShockThreshold>-.15</PainShockThreshold>
		<ToxicSensitivity>.20</ToxicSensitivity>
		<ComfyTemperatureMax>-12</ComfyTemperatureMax>
	 	<ComfyTemperatureMin>+12</ComfyTemperatureMin>
	    	<PsychicSensitivity>+1.0</PsychicSensitivity>
		<GlobalLearningFactor>1.0</GlobalLearningFactor>
		<ResearchSpeed>0.6</ResearchSpeed>
		<SocialImpact>1.00</SocialImpact>
		<NegotiationAbility>+0.5</NegotiationAbility>
		<TradePriceImprovement>0.3</TradePriceImprovement>
            </statOffsets>
            <capMods>
	    <li>
              <capacity>Sight</capacity>
              <offset>+3.0</offset>
            </li>
            <li>
               <capacity>Manipulation</capacity>
               <offset>+3.0</offset>
            </li>
            </capMods>
      </li>      
    </stages>
  </HediffDef>

  <HediffDef>
    <defName>TM_AscendedStanceHD</defName>
	<hediffClass>HediffWithComps</hediffClass>
    <defaultLabelColor>(0.82, 0.82, 0.82)</defaultLabelColor>
    <label>Ascended Stance</label>
	<description>Perfect harmony in the body has allowed for attunement to all four celestial spirits, granting enhanced versions of all of their benefits and none of their downsides for a brief time.</description>
	<isBad>false</isBad>
	<comps>
      <li Class="HediffCompProperties_SeverityPerDay">
        <severityPerDay>-24</severityPerDay>
      </li>
    </comps>
    <stages>
      <li>
        <label></label>
        <minSeverity>0.1</minSeverity>
	<painFactor>0</painFactor>
            <statOffsets>
		<MoveSpeed>4.0</MoveSpeed>
		<SocialImpact>+10.0</SocialImpact>
		<NegotiationAbility>+2.0</NegotiationAbility>
		<TradePriceImprovement>2.0</TradePriceImprovement>
                <MeleeHitChance>40</MeleeHitChance>
                <MeleeDodgeChance>40</MeleeDodgeChance>
		<MeleeArmorPenetration>10</MeleeArmorPenetration>
	        <ArmorRating_Alignment>1.0</ArmorRating_Alignment>
		<ArmorRating_Blunt>1.0</ArmorRating_Blunt>
		<ArmorRating_Sharp>1.0</ArmorRating_Sharp>
		<ArmorRating_Heat>1.0</ArmorRating_Heat>
		<CarryingCapacity>+200</CarryingCapacity>
		<MiningSpeed>4.0</MiningSpeed>
		<MiningYield>4.0</MiningYield>
		<ConstructionSpeed>3.0</ConstructionSpeed>
		<ComfyTemperatureMax>24</ComfyTemperatureMax>
		<ComfyTemperatureMin>-24</ComfyTemperatureMin>
                <ImmunityGainSpeed>30.0</ImmunityGainSpeed>
		<ToxicSensitivity>-1</ToxicSensitivity>
		<TameAnimalChance>3.0</TameAnimalChance>
		<TrainAnimalChance>3.0</TrainAnimalChance>
		<MentalBreakThreshold>-0.30</MentalBreakThreshold>
		<GlobalLearningFactor>5.0</GlobalLearningFactor>
		<WorkSpeedGlobal>3.0</WorkSpeedGlobal>
		<SmeltingSpeed>4.0</SmeltingSpeed>
		<ButcheryFleshSpeed>4.0</ButcheryFleshSpeed>
		<PlantWorkSpeed>4.0</PlantWorkSpeed>
		<PlantHarvestYield>4.0</PlantHarvestYield>
		<ResearchSpeed>10.0</ResearchSpeed>
            </statOffsets>
            <capMods>
	    <li>
              <capacity>Sight</capacity>
              <offset>+5.0</offset>
            </li>
            <li>
               <capacity>Manipulation</capacity>
               <offset>+5.0</offset>
            </li>
            <li>
               <capacity>Moving</capacity>
               <offset>+5.0</offset>
            </li>
	    <li>
              <capacity>Consciousness</capacity>
              <offset>+5.0</offset>
            </li>
            <li>
               <capacity>BloodFiltration</capacity>
               <offset>+5.0</offset>
            </li>
            <li>
               <capacity>BloodPumping</capacity>
               <offset>+5.0</offset>
            </li>
            <li>
               <capacity>Breathing</capacity>
               <offset>+5.0</offset>
            </li>
            </capMods>
	    <statFactors>
          	<IncomingDamageFactor>0.5</IncomingDamageFactor>
            </statFactors>
      </li>      
    </stages>
  </HediffDef>

    <HediffDef>
        <defName>TM_SpecialAmmoHD</defName>
        <hediffClass>HediffWithComps</hediffClass>
        <label>Special Ammo</label>
        <description>Ammo for special attacks.</description>
        <defaultLabelColor>(0.24,0.8,0.24)</defaultLabelColor>
        <scenarioCanAdd>false</scenarioCanAdd>
        <makesSickThought>false</makesSickThought>
        <tendable>false</tendable>
        <makesAlert>false</makesAlert>
        <minSeverity>0.001</minSeverity>
        <isBad>false</isBad>
        <initialSeverity>40</initialSeverity>
        <comps>
            <li Class="TorannMagic.HediffCompProperties_AbilityResource">
                <maximumBase>200.0</maximumBase>
                <maximumPerUpgrade>10.0</maximumPerUpgrade>
                <maximumUpgradeName>TM_Reload_ver</maximumUpgradeName>
                <regenPerTickBase>0.0</regenPerTickBase>
                <regenPerTickPerUpgrade>0.0</regenPerTickPerUpgrade>
                <regenPerTickUpgradeName>medical supplies are not meant to regen</regenPerTickUpgradeName>
				<linkedAbility>TM_Reload</linkedAbility>
            </li>
        </comps>
        <stages>
            <li>
                <label></label>
                <minSeverity>0</minSeverity>
                <becomeVisible>true</becomeVisible>
            </li>
        </stages>
    </HediffDef>

  <HediffDef>
    <defName>TM_ChannelingHD</defName>
	<hediffClass>HediffWithComps</hediffClass>
    <defaultLabelColor>(0.22, 0.88, 0.44)</defaultLabelColor>
    <label>Channeling</label>
	<description>The Red Mage is channeling their energy, granting them vastly increased stamina and mana regeneration at the cost of greatly reduced mobility and increased susceptibility to damage.</description>
	<isBad>true</isBad>
	<comps>
      <li Class="HediffCompProperties_SeverityPerDay">
        <severityPerDay>-1</severityPerDay>
      </li>
    </comps>
    <stages>
      <li>
        <label></label>
        <minSeverity>0.1</minSeverity>
            <statOffsets>
                <MeleeHitChance>-30</MeleeHitChance>
                <MeleeDodgeChance>-30</MeleeDodgeChance>
            </statOffsets>
            <capMods>
	    <li>
              <capacity>Moving</capacity>
              <setMax>0.20</setMax>
            </li>
            </capMods>
	    <statFactors>
          	<IncomingDamageFactor>1.5</IncomingDamageFactor>
            </statFactors>
      </li>      
    </stages>
  </HediffDef>

  <HediffDef>
    <defName>TM_RecklessChargeHD</defName>
	<hediffClass>HediffWithComps</hediffClass>
    <defaultLabelColor>(0.94, 0.69, 0.12)</defaultLabelColor>
    <label>Reckless Charge</label>
	<description>The berserker is charging recklessly, gaining increased movement speed for the duration.</description>
	<isBad>true</isBad>
	<comps>
      <li Class="HediffCompProperties_SeverityPerDay">
        <severityPerDay>-26.0</severityPerDay>
      </li>
    </comps>
    <stages>
      <li>
        <label></label>
        <minSeverity>0.1</minSeverity>
            <capMods>
	    <li>
              <capacity>Moving</capacity>
              <offset>105.0</offset>
            </li>
            </capMods>
      </li>      
    </stages>
  </HediffDef>

  <HediffDef>
    <defName>TM_UnsteadyHD</defName>
	<hediffClass>HediffWithComps</hediffClass>
    <defaultLabelColor>(0.94, 0.69, 0.12)</defaultLabelColor>
    <label>Unsteady</label>
	<description>The Berserker is a little unsteady on their feet and will stumble soon.</description>
	<isBad>true</isBad>
	<comps>
      <li Class="HediffCompProperties_SeverityPerDay">
        <severityPerDay>-24</severityPerDay>
      </li>
    </comps>
    <stages>
      <li>
        <label></label>
        <minSeverity>0.1</minSeverity>
            <capMods>
	    <li>
              <capacity>Moving</capacity>
              <offset>-100.0</offset>
            </li>
            </capMods>
      </li>      
    </stages>
  </HediffDef>

  <HediffDef>
    <defName>TM_StifleHD</defName>
	<hediffClass>HediffWithComps</hediffClass>
    <defaultLabelColor>(0.22, 0.88, 0.44)</defaultLabelColor>
    <label>Stifled</label>
	<description>The target has had the air collapsed around them, reducing their ability to move and making it hard to breathe.</description>
	<maxSeverity>10.0</maxSeverity>
	<isBad>true</isBad>
	<comps>
      <li Class="HediffCompProperties_SeverityPerDay">
        <severityPerDay>-25</severityPerDay>
      </li>
    </comps>
    <stages>
      <li>
        <label></label>
        <minSeverity>0.1</minSeverity>
            <capMods>
	    <li>
              <capacity>Moving</capacity>
              <offset>-0.5</offset>
            </li>
	    <li>
              <capacity>Breathing</capacity>
              <offset>-0.5</offset>
            </li>
            </capMods>
      </li>      
    </stages>
  </HediffDef>

  <HediffDef>
    <defName>TM_KnockedDownHD</defName>
	<hediffClass>HediffWithComps</hediffClass>
    <defaultLabelColor>(0.22, 0.88, 0.44)</defaultLabelColor>
    <label>Knocked Down</label>
	<description>The pawn has been temporarily knocked down.</description>
	<maxSeverity>10.0</maxSeverity>
	<isBad>true</isBad>
	<comps>
      <li Class="HediffCompProperties_SeverityPerDay">
        <severityPerDay>-24</severityPerDay>
      </li>
    </comps>
    <stages>
      <li>
        <label></label>
        <minSeverity>0.1</minSeverity>
            <capMods>
	    <li>
              <capacity>Moving</capacity>
              <setMax>0.1</setMax>
            </li>
            </capMods>
      </li>      
    </stages>
  </HediffDef>

  <HediffDef>
    <defName>TM_ShadowFettersHD</defName>
	<hediffClass>HediffWithComps</hediffClass>
    <defaultLabelColor>(0.087, 0.38, 0.45)</defaultLabelColor>
    <label>Shadow Fetters</label>
	<description>The pawn's shadow has been restrained, immobilizing them.</description>
	<maxSeverity>10.0</maxSeverity>
	<isBad>true</isBad>
	<comps>
      <li Class="HediffCompProperties_SeverityPerDay">
        <severityPerDay>-12</severityPerDay>
      </li>
    </comps>
    <stages>
      <li>
        <label></label>
        <minSeverity>0.1</minSeverity>
            <capMods>
	    <li>
              <capacity>Moving</capacity>
              <setMax>0.1</setMax>
            </li>
            </capMods>
      </li>      
    </stages>
  </HediffDef>

	<HediffDef>
        <defName>TM_CardiacArrestHD</defName>
        <hediffClass>HediffWithComps</hediffClass>
        <label>Tased</label>
        <description>The pawn is suffering from extreme pain and reduced respiratory functions due to being tased.</description>
    	<defaultLabelColor>(0.8, 0.8, 1)</defaultLabelColor>
        <scenarioCanAdd>true</scenarioCanAdd>
        <maxSeverity>1.0</maxSeverity>
        <isBad>true</isBad>
        <comps>
          <li Class="HediffCompProperties_SeverityPerDay">
            <severityPerDay>-12.0</severityPerDay>
          </li>
        </comps>
        <stages>
          <li>
            <label></label>
            <minSeverity>.001</minSeverity>
            <painOffset>0.8</painOffset>
            <capMods>
	    <li>
              <capacity>Consciousness</capacity>
              <offset>-0.3</offset>
            </li>
            <li>
               <capacity>Breathing</capacity>
               <offset>-0.3</offset>
            </li>
            <li>
               <capacity>Manipulation</capacity>
               <offset>-0.3</offset>
            </li>
            </capMods>
          </li>
        </stages>
    </HediffDef>


  <HediffDef>
    <defName>TM_DisposableGogglesHD</defName>
	<hediffClass>HediffWithComps</hediffClass>
    <defaultLabelColor>(0.83, 0.0, 0.0)</defaultLabelColor>
    <label>Disposable Goggles</label>
	<description>They do something!</description>
	<isBad>false</isBad>
	<comps>
      <li Class="HediffCompProperties_SeverityPerDay">
        <severityPerDay>-12</severityPerDay>
      </li>
    </comps>
    <stages>
      <li>
        <label></label>
        <minSeverity>0.1</minSeverity>
            <statOffsets>
                <AimingDelayFactor>-0.50</AimingDelayFactor>
		<ShootingAccuracyPawn>5.0</ShootingAccuracyPawn>
            </statOffsets>
            <capMods>
	    <li>
              <capacity>Sight</capacity>
              <offset>+0.5</offset>
            </li>
            </capMods>
      </li>      
    </stages>
  </HediffDef>

  <HediffDef>
    <defName>TM_ShadowCloneHD</defName>
	<hediffClass>HediffWithComps</hediffClass>
    <defaultLabelColor>(0.23, 0.23, 0.23)</defaultLabelColor>
    <label>Shadowed</label>
	<description>The pawn is being aided by a Ninja's shadow, obscuring them from normal sight and granting increased attack speed for a brief period of time.</description>
	<isBad>false</isBad>
	<comps>
      <li Class="HediffCompProperties_SeverityPerDay">
        <severityPerDay>-48</severityPerDay>
      </li>
    </comps>
    <stages>
      <li>
        <label></label>
        <minSeverity>0.1</minSeverity>
            <statOffsets>
		<MoveSpeed>1.0</MoveSpeed>
                <MeleeHitChance>20</MeleeHitChance>
                <AimingDelayFactor>-0.70</AimingDelayFactor>
		<ShootingAccuracyPawn>10.0</ShootingAccuracyPawn>
            </statOffsets>
            <capMods>
	    <li>
              <capacity>Consciousness</capacity>
              <offset>+1.0</offset>
            </li>
            <li>
               <capacity>BloodFiltration</capacity>
               <offset>+1.0</offset>
            </li>
            <li>
               <capacity>BloodPumping</capacity>
               <offset>+1.0</offset>
            </li>
            <li>
               <capacity>Breathing</capacity>
               <offset>+1.0</offset>
            </li>
            <li>
               <capacity>Manipulation</capacity>
               <offset>+1.0</offset>
            </li>
            </capMods>
      </li>      
    </stages>
  </HediffDef>

  <HediffDef>
    <defName>TM_RailbreakerHD</defName>
	<hediffClass>HediffWithComps</hediffClass>
    <defaultLabelColor>(0.76, 0.13, 0.05)</defaultLabelColor>
    <label>Explosive Augments</label>
	<description>Explosive augments (extremely illegal, even on most Rimworlds), are granting this pawn the explosive capabilities of a Railbreaker, a derogatory name for someone who roams Rimworlds and explodes structures they come across to get at the raw materials within.</description>
	<isBad>false</isBad>
	<comps>
      <li Class="HediffCompProperties_SeverityPerDay">
        <severityPerDay>0</severityPerDay>
      </li>
    </comps>
    <stages>
      <li>
        <label></label>
        <minSeverity>0.1</minSeverity>
      </li>      
    </stages>
  </HediffDef>

  <HediffDef>
    <defName>TM_StealthHD</defName>
	<hediffClass>HediffWithComps</hediffClass>
    <defaultLabelColor>(0.8, 0.8, 1)</defaultLabelColor>
    <maxSeverity>1.0</maxSeverity>
    <label>Stealth</label>
	<description>The pawn has disappeared into the shadows, becoming undetectable by most enemies.</description>
	<isBad>false</isBad>
	<comps>
      <li Class="HediffCompProperties_SeverityPerDay">
        <severityPerDay>-48</severityPerDay>
      </li>
      <li Class="HediffCompProperties">
        <compClass>HediffComp_Invisibility</compClass>
      </li>
    </comps>
    <stages>
      <li>
        <label></label>
        <minSeverity>0.1</minSeverity>
      </li>      
    </stages>
  </HediffDef>

  <HediffDef>
    <defName>TM_CloakAndDaggerHD</defName>
	<hediffClass>HediffWithComps</hediffClass>
    <defaultLabelColor>(0.8, 0.8, 1)</defaultLabelColor>
    <label>Cloak and Dagger</label>
	<description>The Ambusher has camoflaged themselves into the background, becoming unseen to most enemies at the cost of greatly reduced aiming and movement speed.</description>
	<isBad>false</isBad>
	<comps>
      <li Class="HediffCompProperties_SeverityPerDay">
        <severityPerDay>-8</severityPerDay>
      </li>
      <li Class="HediffCompProperties">
        <compClass>HediffComp_Invisibility</compClass>
      </li>
    </comps>
    <stages>
      <li>
        <label></label>
        <minSeverity>0.1</minSeverity>
	    <statOffsets>
                <AimingDelayFactor>1.0</AimingDelayFactor>
            </statOffsets>
            <capMods>
	    <li>
              <capacity>Moving</capacity>
              <setMax>0.2</setMax>
            </li>
            </capMods>
      </li>      
    </stages>
  </HediffDef>

  <ThoughtDef>
    <defName>TM_Antidepressants</defName>
    <workerClass>ThoughtWorker_Hediff</workerClass>
    <hediff>TM_AntidepressantsHD</hediff>
    <validWhileDespawned>true</validWhileDespawned>
    <stages>
      <li>
        <label>Antidepressants</label>
        <description>Everything seems so clear now. What was I so depressed about, anyway?</description>
        <baseMoodEffect>12</baseMoodEffect>
      </li>
    </stages>
  </ThoughtDef>

  <ThoughtDef>
    <defName>TM_Somnolence</defName>
    <workerClass>ThoughtWorker_Hediff</workerClass>
    <hediff>TM_SomnolenceHD</hediff>
    <validWhileDespawned>true</validWhileDespawned>
    <stages>
      <li>
        <label>Waking nightmare</label>
        <description>Please...no more...</description>
        <baseMoodEffect>-100</baseMoodEffect>
      </li>
    </stages>
  </ThoughtDef>

  <ThoughtDef>
    <defName>TM_DragonStance</defName>
    <workerClass>ThoughtWorker_Hediff</workerClass>
    <hediff>TM_DragonStanceHD</hediff>
    <validWhileDespawned>true</validWhileDespawned>
    <stages>
      <li>
        <label>Dragon's insight</label>
        <description>I can feel all the impurities of the world with my body. It's almost like this existence isn't good enough for me any longer.</description>
        <baseMoodEffect>-12</baseMoodEffect>
      </li>
    </stages>
  </ThoughtDef>
  
</Defs>