<?xml version="1.0" encoding="utf-8" ?>

 
<Defs>

	<!-- Custom Class -->
	<TraitDef>  
		<defName>TM_RedMage</defName>
		<ignoreConfigErrors>true</ignoreConfigErrors>
		<commonality>0</commonality>
		<degreeDatas>
		  <li>
			<label>Red Mage</label>
			<description>[PAWN_nameDef] is a Red Mage, a flourishing spellblade who weaves through combat with deadly flair.</description>
			<degree>4</degree>
			<statOffsets>
				<MoveSpeed>.4</MoveSpeed>
				<MeleeHitChance>10</MeleeHitChance>
				<PainShockThreshold>-0.15</PainShockThreshold>
				<NegotiationAbility>0.2</NegotiationAbility>
				<TradePriceImprovement>0.2</TradePriceImprovement>
				<SocialImpact>1.0</SocialImpact>
				<GlobalLearningFactor>+.2</GlobalLearningFactor>
				<WorkSpeedGlobal>-0.2</WorkSpeedGlobal>
                    		<MentalBreakThreshold>0.08</MentalBreakThreshold>
			</statOffsets>
		  </li>
		</degreeDatas>
		<conflictingTraits>
		</conflictingTraits>
		<modExtensions>
            <li Class="TorannMagic.TMDefs.DefModExtension_TraitEnchantments">
                <maxMP>-0.5</maxMP>
		<maxSP>-0.5</maxSP>
            </li>
        </modExtensions>
	</TraitDef>


	<!-- Custom Class -->
	<TraitDef>
		<defName>TM_Ninja</defName>
		<ignoreConfigErrors>true</ignoreConfigErrors>
		<commonality>0</commonality>
		<degreeDatas>	
		  <li>
			<label>Ninja</label>
			<description>[PAWN_nameDef] is a Ninja, a stealthy and agile fighter with a few magical tricks up their sleeves. They excel in bringing down enemies before they even know what hit them.</description>
			<degree>4</degree>
			<statOffsets>
					<MoveSpeed>.35</MoveSpeed>
                    			<MentalBreakThreshold>-0.08</MentalBreakThreshold>
					<MeleeHitChance>15</MeleeHitChance>
					<MeleeDodgeChance>15</MeleeDodgeChance>
					<PainShockThreshold>0.05</PainShockThreshold>
					<WorkSpeedGlobal>+.06</WorkSpeedGlobal>
			</statOffsets>
		  </li>
		</degreeDatas>
		<conflictingTraits>
		</conflictingTraits>
		<modExtensions>
            <li Class="TorannMagic.TMDefs.DefModExtension_TraitEnchantments">
                <maxMP>-0.5</maxMP>
		<maxSP>-0.5</maxSP>
            </li>
        </modExtensions>	
	</TraitDef>

	<!-- Custom Class -->
	<TraitDef>
		<defName>TM_ElementalGunner</defName>
		<ignoreConfigErrors>true</ignoreConfigErrors>
		<commonality>0</commonality>
		<degreeDatas>	
		  <li>
			<label>Elemental Gunner</label>
			<description>[PAWN_nameDef] is an Elemental Gunner, a magically-gifted pawn capable of imbuing their ammunition with magical power. Their magically-heightened awareness allows them to shoot at frightening speeds. They specialize in laying down sustained suppressive fire.</description>
			<degree>4</degree>
			<statOffsets>
					<MoveSpeed>.25</MoveSpeed>
   			                <AimingDelayFactor>-0.5</AimingDelayFactor>
					<ShootingAccuracyPawn>5</ShootingAccuracyPawn>
					<WorkSpeedGlobal>.16</WorkSpeedGlobal>
			</statOffsets>
		  </li>
		</degreeDatas>
		<conflictingTraits>
		</conflictingTraits>
		<modExtensions>
            <li Class="TorannMagic.TMDefs.DefModExtension_TraitEnchantments">
                <maxMP>-0.5</maxMP>
                <maxSP>-0.5</maxSP>
            </li>
        </modExtensions>
	</TraitDef>

	<!-- Custom Class -->
	<TraitDef>
		<defName>TM_Troubadour</defName>
		<ignoreConfigErrors>true</ignoreConfigErrors>
		<commonality>0</commonality>
		<degreeDatas>	
		  <li>
			<label>Troubadour</label>
			<description>[PAWN_nameDef] is a Troubadour, a wandering performer who lifts the spirits of those around them.</description>
			<degree>4</degree>
			<statOffsets>
					<MoveSpeed>.15</MoveSpeed>
					<SocialImpact>0.6</SocialImpact>
					<NegotiationAbility>0.40</NegotiationAbility>
					<TradePriceImprovement>0.6</TradePriceImprovement>
			</statOffsets>
		  </li>
		</degreeDatas>
		<conflictingTraits>
		</conflictingTraits>	
	</TraitDef>

	<!-- Custom Class -->
	<TraitDef>
		<defName>TM_Bombardier</defName>
		<ignoreConfigErrors>true</ignoreConfigErrors>
		<commonality>0</commonality>
		<degreeDatas>	
		  <li>
			<label>Bombardier</label>
			<description>[PAWN_nameDef] is a Bombardier, a fighter specializing in long-range explosive weaponry. They are experts at siege warfare, and can fire explosives over walls from behind cover.</description>
			<degree>4</degree>
			<statOffsets>
					<ShootingAccuracyPawn>5</ShootingAccuracyPawn>
			</statOffsets>
		  </li>
		</degreeDatas>
		<conflictingTraits>
		</conflictingTraits>	
	</TraitDef>

	<!-- Custom Class -->
	<TraitDef>
		<defName>TM_Railbreaker</defName>
		<ignoreConfigErrors>true</ignoreConfigErrors>
		<commonality>0</commonality>
		<degreeDatas>	
		  <li>
			<label>Railbreaker</label>
			<description>[PAWN_nameDef] is a Railbreaker, a reckless melee brawler equipped with extremely dangerous augments that allow them to create explosions at will, which they fire at point-blank range. They are unmatched in firepower, but their greatest weakness is the recoil from their own moves.</description>
			<degree>4</degree>
			<statOffsets>
					<MoveSpeed>-.5</MoveSpeed>
					<SocialImpact>+0.5</SocialImpact>
					<ShootingAccuracyPawn>-10.0</ShootingAccuracyPawn>
                    			<PainShockThreshold>+0.50</PainShockThreshold>
                    			<MentalBreakThreshold>-0.12</MentalBreakThreshold>
			</statOffsets>
			<statFactors>
          			<IncomingDamageFactor>0.5</IncomingDamageFactor>
        		</statFactors>
		  </li>
		</degreeDatas>
		<conflictingTraits>
		</conflictingTraits>
	</TraitDef>

	<!-- Custom Class -->
	<TraitDef>
		<defName>TM_Samurai</defName>
		<ignoreConfigErrors>true</ignoreConfigErrors>
		<commonality>0</commonality>
		<degreeDatas>	
		  <li>
			<label>Samurai</label>
			<description>[PAWN_nameDef] is a Samurai, a wandering swordsman who specializes in Iai.</description>
			<degree>4</degree>
			<statOffsets>
					<ResearchSpeed>-0.2</ResearchSpeed>
					<WorkSpeedGlobal>-0.2</WorkSpeedGlobal>
					<ShootingAccuracyPawn>-10</ShootingAccuracyPawn>
                    			<PainShockThreshold>0.15</PainShockThreshold>
					<MeleeHitChance>10</MeleeHitChance>
			</statOffsets>
		  </li>
		</degreeDatas>
		<conflictingTraits>
		</conflictingTraits>
	</TraitDef>

	<!-- Custom Class -->
	<TraitDef>
		<defName>TM_Gadgeteer</defName>
		<ignoreConfigErrors>true</ignoreConfigErrors>
		<commonality>0</commonality>
		<degreeDatas>	
		  <li>
			<label>Gadgeteer</label>
			<description>[PAWN_nameDef] is a Gadgeteer, an eccentric inventor who carries around numerous gadgets and tools to assist them in daily life.</description>
			<degree>4</degree>
			<statOffsets>
					<SocialImpact>-0.25</SocialImpact>
					<PainShockThreshold>-0.10</PainShockThreshold>
					<MoveSpeed>-0.5</MoveSpeed>
					<ResearchSpeed>+0.6</ResearchSpeed>
					<GlobalLearningFactor>+.4</GlobalLearningFactor>
					<WorkSpeedGlobal>-0.2</WorkSpeedGlobal>
                    			<MentalBreakThreshold>0.08</MentalBreakThreshold>
			</statOffsets>
		  </li>
		</degreeDatas>
		<conflictingTraits>
		</conflictingTraits>	
	</TraitDef>

	<!-- Custom Class -->
	<TraitDef>
		<defName>TM_WindMage</defName>
		<ignoreConfigErrors>true</ignoreConfigErrors>
		<commonality>0</commonality>
		<degreeDatas>	
		  <li>
			<label>Wind Mage</label>
			<description>[PAWN_nameDef] is a Wind Mage, capable of bending the very air itself to their will.</description>
			<degree>4</degree>
			<statOffsets>
				<MoveSpeed>3.0</MoveSpeed>
				<MeleeDodgeChance>20</MeleeDodgeChance>
				<ShootingAccuracyPawn>20</ShootingAccuracyPawn>
				<AimingDelayFactor>-0.2</AimingDelayFactor>
				<PainShockThreshold>-0.1</PainShockThreshold>
				<CarryingCapacity>-20</CarryingCapacity>
			</statOffsets>
		  </li>
		</degreeDatas>
		<conflictingTraits>
		</conflictingTraits>		
	</TraitDef>

	<!-- Custom Class -->
	<TraitDef>
		<defName>TM_Medic</defName>
		<ignoreConfigErrors>true</ignoreConfigErrors>
		<commonality>0</commonality>
		<degreeDatas>	
		  <li>
			<label>Medic</label>
			<description>[PAWN_nameDef] is a Medic, a dedicated doctor with an array of powerful utility abilities that they can support their allies with. They are very poor direct combatants, however.</description>
			<degree>4</degree>
			<statOffsets>
				<MoveSpeed>2</MoveSpeed>
				<AimingDelayFactor>.50</AimingDelayFactor>
				<MeleeHitChance>-20</MeleeHitChance>
				<MeleeDodgeChance>-20</MeleeDodgeChance>
				<ShootingAccuracyPawn>-30.0</ShootingAccuracyPawn>
				<MedicalTendQuality>1.0</MedicalTendQuality>
				<MedicalTendSpeed>1.0</MedicalTendSpeed>
				<MedicalOperationSpeed>1.0</MedicalOperationSpeed>
			</statOffsets>
			<skillGains>
				<li>
					<key>Medicine</key>
					<value>6</value>
				</li>
			</skillGains>
		  </li>
		</degreeDatas>
		<conflictingTraits>
		</conflictingTraits>
	</TraitDef>

	<!-- Custom Class -->
	<TraitDef>
		<defName>TM_ChromaMage</defName>
		<ignoreConfigErrors>true</ignoreConfigErrors>
		<commonality>0</commonality>
		<degreeDatas>	
		  <li>
			<label>Chroma Mage</label>
			<description>[PAWN_nameDef] is a Chroma Mage, a versatile spellcaster capable of undertaking numerous paths of mastery. [PAWN_nameDef] can learn any of several powerful spells, but they will never master them all.</description>
			<degree>4</degree>
			<statOffsets>
				<MoveSpeed>0.25</MoveSpeed>
				<GlobalLearningFactor>0.2</GlobalLearningFactor>	
				<ResearchSpeed>0.5</ResearchSpeed>
				<WorkSpeedGlobal>0.4</WorkSpeedGlobal>
			</statOffsets>
		  </li>
		</degreeDatas>
		<conflictingTraits>
		</conflictingTraits>
		<modExtensions>
            <li Class="TorannMagic.TMDefs.DefModExtension_TraitEnchantments">
                <xpGain>-0.5</xpGain>
            </li>
        </modExtensions>	
	</TraitDef>

	<!-- Custom Class -->
	<TraitDef>
		<defName>TM_Harbinger</defName>
		<ignoreConfigErrors>true</ignoreConfigErrors>
		<commonality>0</commonality>
		<degreeDatas>	
		  <li>
			<label>Harbinger</label>
			<description>[PAWN_nameDef] is a Harbinger, a mage whose presence always signals death and destruction. They are capable of tapping into dark forces to curse their enemies, corrupting their body and soul.</description>
			<degree>4</degree>
			<statOffsets>
				<MoveSpeed>-0.5</MoveSpeed>
				<TradePriceImprovement>-0.2</TradePriceImprovement>
				<NegotiationAbility>-.2</NegotiationAbility>
				<SocialImpact>-0.5</SocialImpact>
				<ResearchSpeed>0.30</ResearchSpeed>
				<GlobalLearningFactor>0.30</GlobalLearningFactor>
			</statOffsets>
		  </li>
		</degreeDatas>
		<conflictingTraits>
		</conflictingTraits>
	</TraitDef>

	<!-- Custom Class -->
	<TraitDef>
		<defName>TM_Reaper</defName>
		<ignoreConfigErrors>true</ignoreConfigErrors>
		<commonality>0</commonality>
		<degreeDatas>	
		  <li>
			<label>Reaper</label>
			<description>No one knows of [PAWN_nameDef]'s true origins, but in battle they seem more a demon than anything else. They are capable of flying directly into enemy positions unbidden, where they are capable of warping the minds of enemies, causing discord and destruction among former allies.</description>
			<degree>4</degree>
			<statOffsets>
					<MoveSpeed>.8</MoveSpeed>
                    			<MentalBreakThreshold>-0.16</MentalBreakThreshold>
					<MeleeHitChance>10</MeleeHitChance>
					<MeleeDodgeChance>10</MeleeDodgeChance>
					<PainShockThreshold>0.2</PainShockThreshold>
					<AimingDelayFactor>-0.40</AimingDelayFactor>
			</statOffsets>
		  </li>
		</degreeDatas>
		<conflictingTraits>
		</conflictingTraits>
		<modExtensions>
            <li Class="TorannMagic.TMDefs.DefModExtension_TraitEnchantments">
                <maxMP>-0.5</maxMP>
		<maxSP>-0.5</maxSP>
            </li>
        </modExtensions>
	</TraitDef>

	<!-- Custom Class -->
	<TraitDef>
		<defName>TM_Berserker</defName>
		<ignoreConfigErrors>true</ignoreConfigErrors>
		<commonality>0</commonality>
		<degreeDatas>	
		  <li>
			<label>Berserker</label>
			<description>[PAWN_nameDef] is a Berserker, a rampaging warrior who lives to kill or be killed.</description>
			<degree>4</degree>
			<statOffsets>
					<MoveSpeed>0.6</MoveSpeed>
					<MeleeHitChance>15</MeleeHitChance>
					<MeleeDodgeChance>-15</MeleeDodgeChance>
					<ShootingAccuracyPawn>-15.0</ShootingAccuracyPawn>
				        <PainShockThreshold>1.0</PainShockThreshold>
					<PsychicSensitivity>-0.5</PsychicSensitivity>
					<MentalBreakThreshold>0.12</MentalBreakThreshold>
					<SocialImpact>-0.5</SocialImpact>
					<NegotiationAbility>-0.25</NegotiationAbility>
					<CarryingCapacity>120</CarryingCapacity>
					<GlobalLearningFactor>-0.25</GlobalLearningFactor>
					<WorkSpeedGlobal>-0.25</WorkSpeedGlobal>
					<ImmunityGainSpeed>1.0</ImmunityGainSpeed>
			</statOffsets>
		  </li>
		</degreeDatas>
		<conflictingTraits>
		</conflictingTraits>
	</TraitDef>

	<!-- Custom Class -->
	<TraitDef>
		<defName>TM_Scion</defName>
		<ignoreConfigErrors>true</ignoreConfigErrors>
		<commonality>0</commonality>
		<degreeDatas>	
		  <li>
			<label>Scion</label>
			<description>[PAWN_nameDef] is a Scion, a melee fighter that channels the aspects of ancient spirits to aid them both in combat and and in daily life.</description>
			<degree>4</degree>
			<statOffsets>
					<MoveSpeed>0.5</MoveSpeed>
					<MeleeDodgeChance>5</MeleeDodgeChance>
					<MeleeHitChance>5</MeleeHitChance>
					<ShootingAccuracyPawn>-10</ShootingAccuracyPawn>		
					<PsychicSensitivity>0.5</PsychicSensitivity>
			</statOffsets>
		  </li>
		</degreeDatas>
		<conflictingTraits>
		</conflictingTraits>
	</TraitDef>
	<!-- Custom Class -->
	<TraitDef>
		<defName>TM_Plaguedoctor</defName>
		<ignoreConfigErrors>true</ignoreConfigErrors>
		<commonality>0</commonality>
		<degreeDatas>	
		  <li>
			<label>Plaguedoctor</label>
			<description>[PAWN_nameDef] is a Plaguedoctor, a half-crazed medieval physician who delights in poisons and disease. They are capable of performing uniquely terrifying surgical procedures on both allies and enemies.</description>
			<degree>4</degree>
			<statOffsets>
				<MoveSpeed>0.5</MoveSpeed>
				<MeleeHitChance>10</MeleeHitChance>
				<MedicalTendQuality>-0.5</MedicalTendQuality>
				<MedicalTendSpeed>5.0</MedicalTendSpeed>
				<MedicalOperationSpeed>5.0</MedicalOperationSpeed>
			</statOffsets>
		  </li>
		</degreeDatas>
		<conflictingTraits>
		</conflictingTraits>
	</TraitDef>
	<!-- Custom Class -->
	<TraitDef>
		<defName>TM_Cleric</defName>
		<ignoreConfigErrors>true</ignoreConfigErrors>
		<commonality>0</commonality>
		<degreeDatas>	
		  <li>
			<label>Cleric</label>
			<description>[PAWN_nameDef] is a Cleric, a versatile mid-line healer capable of quickly healing and cleansing their allies.</description>
			<degree>4</degree>
			<statOffsets>
				<MoveSpeed>0.25</MoveSpeed>
   			        <AimingDelayFactor>-0.3</AimingDelayFactor>
				<ShootingAccuracyPawn>3.0</ShootingAccuracyPawn>
			</statOffsets>
		  </li>
		</degreeDatas>
		<conflictingTraits>
		</conflictingTraits>
	</TraitDef>

	<!-- Custom Class -->
	<TraitDef>
		<defName>TM_Arbormancer</defName>
		<ignoreConfigErrors>true</ignoreConfigErrors>
		<commonality>0</commonality>
		<degreeDatas>	
		  <li>
			<label>Arbormancer</label>
			<description>[PAWN_nameDef] is an Arbormancer, a mage whose magic power is derived from living plants. They are not necessarily allies of the wood, however. They often earn the ire of Rangers and Druids through their wanton mistreatment of nature.</description>
			<degree>4</degree>
			<statOffsets>
				<ToxicSensitivity>-0.20</ToxicSensitivity>
				<PlantWorkSpeed>0.5</PlantWorkSpeed>
				<PlantHarvestYield>0.5</PlantHarvestYield>
				<AnimalGatherYield>-0.20</AnimalGatherYield>
				<TameAnimalChance>-0.20</TameAnimalChance>
			</statOffsets>
		  </li>
		</degreeDatas>
		<conflictingTraits>
		</conflictingTraits>	
	</TraitDef>

	<!-- Custom Class -->
	<TraitDef>
		<defName>TM_Chainwarden</defName>
		<ignoreConfigErrors>true</ignoreConfigErrors>
		<commonality>0</commonality>
		<degreeDatas>	
		  <li>
			<label>Chainwarden</label>
			<description>[PAWN_nameDef] is a Chainwarden, a fighter that has mastered the usage of chains as a combat weapon. They excel at controlling enemy movements and dealing with multiple opponents at once.</description>
			<degree>4</degree>
			<statOffsets>
					<MeleeHitChance>10</MeleeHitChance>
                    			<MentalBreakThreshold>-0.12</MentalBreakThreshold>
                    			<PainShockThreshold>0.15</PainShockThreshold>
			</statOffsets>
		  </li>
		</degreeDatas>
		<conflictingTraits>
		</conflictingTraits>	
	</TraitDef>

	<!-- Custom Class -->
	<TraitDef>
		<defName>TM_Ambusher</defName>
		<ignoreConfigErrors>true</ignoreConfigErrors>
		<commonality>0</commonality>
		<degreeDatas>	
		  <li>
			<label>Ambusher</label>
			<description>[PAWN_nameDef] is an Ambusher, a fighter that lies in cold wait for their enemies.</description>
			<degree>4</degree>
			<statOffsets>
                    		<MentalBreakThreshold>-0.16</MentalBreakThreshold>
				<PainShockThreshold>-.15</PainShockThreshold>
				<MoveSpeed>-.25</MoveSpeed>
				<MeleeHitChance>10</MeleeHitChance>
				<WorkSpeedGlobal>-0.10</WorkSpeedGlobal>
			</statOffsets>
		  </li>
		</degreeDatas>
		<conflictingTraits>
		</conflictingTraits>	
	</TraitDef>

	<!-- Custom Class -->
	<TraitDef>
		<defName>TM_Saboteur</defName>
		<ignoreConfigErrors>true</ignoreConfigErrors>
		<commonality>0</commonality>
		<degreeDatas>	
		  <li>
			<label>Saboteur</label>
			<description>[PAWN_nameDef] is a Saboteur, a fighter that specializes in going behind enemy lines and disabling key enemy buildings and defenses.</description>
			<degree>4</degree>
			<statOffsets>
                    		<MentalBreakThreshold>-0.12</MentalBreakThreshold>
				<PainShockThreshold>-.10</PainShockThreshold>
				<MoveSpeed>.5</MoveSpeed>
				<SocialImpact>0.5</SocialImpact>
				<WorkSpeedGlobal>0.10</WorkSpeedGlobal>
			</statOffsets>
		  </li>
		</degreeDatas>
		<conflictingTraits>
		</conflictingTraits>	
	</TraitDef>

	<!-- Custom Class -->
	<TraitDef>
		<defName>TM_Keeper</defName>
		<ignoreConfigErrors>true</ignoreConfigErrors>
		<commonality>0</commonality>
		<degreeDatas>	
		  <li>
			<label>Keeper</label>
			<description>[PAWN_nameDef] is a Keeper, a mage that specializes in base defense.</description>
			<degree>4</degree>
			<statOffsets>
				<MoveSpeed>-.15</MoveSpeed>
				<ComfyTemperatureMin>-12</ComfyTemperatureMin>
				<ComfyTemperatureMax>+12</ComfyTemperatureMax>
				<PlantWorkSpeed>.2</PlantWorkSpeed>
				<PlantHarvestYield>.2</PlantHarvestYield>
				<CarryingCapacity>+20</CarryingCapacity>
				<MentalBreakThreshold>-0.08</MentalBreakThreshold>
			</statOffsets>
		  </li>
		</degreeDatas>
		<conflictingTraits>
		</conflictingTraits>	
	</TraitDef>

	<!-- Custom Class -->
	<TraitDef>
		<defName>TM_Pridestalker</defName>
		<ignoreConfigErrors>true</ignoreConfigErrors>
		<commonality>0</commonality>
		<degreeDatas>	
		  <li>
			<label>Pridestalker</label>
			<description>[PAWN_nameDef] is a Pridestalker, a fighter that combines bow and magic to turn any fight into a deadly hunt.</description>
			<degree>4</degree>
			<statOffsets>
					<MoveSpeed>1.0</MoveSpeed>
					<ImmunityGainSpeed>0.2</ImmunityGainSpeed>
					<ComfyTemperatureMax>+16</ComfyTemperatureMax>
					<ComfyTemperatureMin>-16</ComfyTemperatureMin>
                    			<AimingDelayFactor>-0.25</AimingDelayFactor>
					<ToxicSensitivity>.20</ToxicSensitivity>
					<ButcheryFleshSpeed>0.5</ButcheryFleshSpeed>
					<TameAnimalChance>.30</TameAnimalChance>
					<TrainAnimalChance>.30</TrainAnimalChance>
					<WorkSpeedGlobal>-0.2</WorkSpeedGlobal>
			</statOffsets>
		  </li>
		</degreeDatas>
		<conflictingTraits>
		</conflictingTraits>
	</TraitDef>

</Defs>