<?xml version="1.0" encoding="utf-8" ?>

<Patch>
  <Operation Class="PatchOperationAdd">
    <xpath>*/TorannMagic.TM_CustomClassDef[defName = "TM_CustomClasses"]/customClasses</xpath>
	<value>		
		
		  <!-- Custom Class - the Red Mage -->
		  <li>		  
			<classTrait>TM_RedMage</classTrait>			
			<traitDegree>4</traitDegree>					
			<classHediff></classHediff>						
			<classTexturePath>wayfarerFlame</classTexturePath>
			<classIconPath>CustomFlame</classIconPath>		
			<classIconColor>(1,0.09,0.39)</classIconColor>		
			<tornScript></tornScript>						
			<fullScript>BookOfRedMage</fullScript>	
			
			<classMageAbilities>
				<li>TM_Heal</li>
				<li>TM_EnchantWeapon</li>
				<li>TM_Thunderbolt</li>
				<li>TM_Dispel</li>
				<li>TM_NullZone</li>
				<li>TM_Explosion</li>
			</classMageAbilities>
			<learnableSpells>								
			</learnableSpells>								
			
			<classFighterAbilities>
				<li>TM_Channeling</li>
				<li>TM_ParryingStance</li>
				<li>TM_Coupe</li>
				<li>TM_Fleche</li>
				<li>TM_Engagement</li>
			</classFighterAbilities>
			<learnableSkills>								
			</learnableSkills>
			
			<isMage>true</isMage>							
			<isFighter>true</isFighter>					
													
			<isNecromancer>false</isNecromancer>			
			<isUndead>false</isUndead>						
															
			<isAndroid>false</isAndroid>					
			<isAdvancedClass>false</isAdvancedClass>	
		  </li>
		  <!-- Custom Class - the Ninja -->
		  <li>		  
			<classTrait>TM_Ninja</classTrait>			
			<traitDegree>4</traitDegree>					
			<classHediff></classHediff>								
			<classTexturePath>shadowFlame</classTexturePath>
			<classIconPath>CustomFlame</classIconPath>		
			<classIconColor>(.3,0,.6)</classIconColor>		
			<tornScript></tornScript>						
			<fullScript>BookOfNinja</fullScript>			
			
			<classMageAbilities>							
				<li>TM_BloodGift</li>
				<li>TM_IgniteBlood</li>
				<li>TM_EnchantWeapon</li>
				<li>TM_ShadowClone</li>
				<li>TM_ShadowShuriken</li>
				<li>TM_FoldReality</li>
				<li>TM_BloodMoon</li>
				<li>TM_BloodMoon_I</li>
				<li>TM_BloodMoon_II</li>
				<li>TM_BloodMoon_III</li>
			</classMageAbilities>
			<learnableSpells>
				<li>SpellOf_FoldReality</li>
				<li>SpellOf_BloodMoon</li>							
			</learnableSpells>								
			
			<classFighterAbilities>							
				<li>TM_ShadowStrike</li>
				<li>TM_ImpalingStrike</li>
				<li>TM_VenomStrike</li>
				<li>TM_VeilOfShadows</li>
				<li>TM_Assassinate</li>
			</classFighterAbilities>
			<learnableSkills>								
			</learnableSkills>
			
			<isMage>true</isMage>							
			<isFighter>true</isFighter>						
															
			<isNecromancer>false</isNecromancer>			
			<isUndead>false</isUndead>						
															
			<isAndroid>false</isAndroid>					
			<isAdvancedClass>false</isAdvancedClass>		
		  </li>
		  <!-- Custom Class - the Elemental Gunner -->
		  <li>		  
			<classTrait>TM_ElementalGunner</classTrait>			
			<traitDegree>4</traitDegree>					
			<classHediff></classHediff>									
			<classTexturePath>supersoldierFighterMark</classTexturePath>
			<classIconPath>FighterMark</classIconPath>		
			<classIconColor>(.1,.02,0.0)</classIconColor>		
			<tornScript></tornScript>						
			<fullScript>BookOfElementalGunner</fullScript>			
			
			<classMageAbilities>							
				<li>TM_TechnoWeapon</li>
				<li>TM_TechnoBit</li>
				<li>TM_NanoStimulant</li>
			</classMageAbilities>
			<learnableSpells>								
			</learnableSpells>								
			
			<classFighterAbilities>						
				<li>TM_IgnitionShot</li>
				<li>TM_FrostShot</li>
				<li>TM_LightningShot</li>
				<li>TM_LucentShot</li>
				<li>TM_PistolSpec</li>
				<li>TM_PistolWhip</li>
			</classFighterAbilities>
			<learnableSkills>								
			</learnableSkills>
			
			<isMage>true</isMage>							
			<isFighter>true</isFighter>						
															
			<isNecromancer>false</isNecromancer>			
			<isUndead>false</isUndead>						
															
			<isAndroid>false</isAndroid>					
			<isAdvancedClass>false</isAdvancedClass>		
		  </li>
		  <!-- Custom Class - the Bombardier -->
		  <li>		  
			<classTrait>TM_Bombardier</classTrait>			
			<traitDegree>4</traitDegree>					
			<classHediff></classHediff>								
			<classTexturePath>CustomFighterMark</classTexturePath>
			<classIconPath>FighterMark</classIconPath>		
			<classIconColor>(.1,.02,0.0)</classIconColor>		
			<tornScript></tornScript>						
			<fullScript>BookOfBombardier</fullScript>		
			
			<classMageAbilities>							
			</classMageAbilities>
			<learnableSpells>								
			</learnableSpells>								
			
			<classFighterAbilities>						
				<li>TM_MiniBomb</li>
				<li>TM_ClearingCharge</li>
				<li>TM_IgnitionCharge</li>
				<li>TM_FlashCharge</li>
				<li>TM_EMPCharge</li>
				<li>TM_SiegeExplosive</li>
				<li>TM_CarpetBomb</li>
			</classFighterAbilities>
			<learnableSkills>								
			</learnableSkills>
			
			<isMage>false</isMage>							
			<isFighter>true</isFighter>						
															
			<isNecromancer>false</isNecromancer>			
			<isUndead>false</isUndead>						
													
			<isAndroid>false</isAndroid>					
			<isAdvancedClass>false</isAdvancedClass>		
		  </li>

		  <!-- Custom Class - the Railbreaker -->
		  <li>		  
			<classTrait>TM_Railbreaker</classTrait>			
			<traitDegree>4</traitDegree>					
			<classHediff>TM_RailbreakerHD</classHediff>								
			<classTexturePath>psiPsiMark</classTexturePath>
			<classIconPath>FighterMark</classIconPath>		
			<classIconColor>(.89,.29,0.13)</classIconColor>		
			<tornScript></tornScript>						
			<fullScript>BookOfRailbreaker</fullScript>			
			
			<classMageAbilities>							
			</classMageAbilities>
			<learnableSpells>								
			</learnableSpells>								
			
			<classFighterAbilities>							
				<li>TM_ExplosiveEntrance</li>
				<li>TM_Backdraft</li>
				<li>TM_StrikeZone</li>
				<li>TM_InfernoBreaker</li>
				<li>TM_Redpoint</li>
				<li>TM_BlitzCharge</li>
				<li>TM_BlastShield</li>
			</classFighterAbilities>
			<learnableSkills>								
			</learnableSkills>
			
			<isMage>false</isMage>						
			<isFighter>true</isFighter>						
													
			<isNecromancer>false</isNecromancer>			
			<isUndead>false</isUndead>						
													
			<isAndroid>false</isAndroid>					
			<isAdvancedClass>false</isAdvancedClass>
		  </li>
		  <!-- Custom Class - the Samurai -->
		  <li>		  
			<classTrait>TM_Samurai</classTrait>
			<traitDegree>4</traitDegree>					
			<classHediff></classHediff>									
			<classTexturePath>wayfarerFlame</classTexturePath>
			<classIconPath>CustomFlame</classIconPath>		
			<classIconColor>(1,0.09,0.39)</classIconColor>	
			<tornScript></tornScript>					
			<fullScript>BookOfSamurai</fullScript>			
			
			<classMageAbilities>							
			</classMageAbilities>
			<learnableSpells>								
			</learnableSpells>								
			
			<classFighterAbilities>							
				<li>TM_BladeArt</li>
				<li>TM_Iai</li>
				<li>TM_Intent</li>
				<li>TM_Flow</li>
				<li>TM_LunarArc</li>
				<li>TM_Yukikaze</li>
			</classFighterAbilities>
			<learnableSkills>								
			</learnableSkills>
			
			<isMage>false</isMage>							
			<isFighter>true</isFighter>						
															
			<isNecromancer>false</isNecromancer>			
			<isUndead>false</isUndead>						
															
			<isAndroid>false</isAndroid>					
			<isAdvancedClass>false</isAdvancedClass>	
		  </li>
		  <!-- Custom Class - the Gadgeteer -->
		  <li>		  
			<classTrait>TM_Gadgeteer</classTrait>			
			<traitDegree>4</traitDegree>					
			<classHediff></classHediff>								
			<classTexturePath>brightMageMark</classTexturePath> 
			<classIconPath>PsiMark</classIconPath>		
			<classIconColor>(1,0.95,.9)</classIconColor>		
			<tornScript></tornScript>						
			<fullScript>BookOfGadgeteer</fullScript>			
			
			<classMageAbilities>							
			</classMageAbilities>
			<learnableSpells>								
			</learnableSpells>								
			
			<classFighterAbilities>
				<li>TM_Scan</li>		
				<li>TM_HydratedWater</li>
				<li>TM_PocketSand</li>
				<li>TM_SpareBatteries</li>
				<li>TM_OldHeadlight</li>
				<li>TM_AutoSpanner</li>
				<li>TM_MysteriousAmulet</li>
				<li>TM_CloakingDevice</li>
				<li>TM_DisposableGoggles</li>
				<li>TM_RocketBoots</li>
				<li>TM_Jetpack</li>
				<li>TM_InflatableWall</li>
				<li>TM_BiotechBrambles</li>
				<li>TM_HaywireSnowmaker</li>
				<li>TM_Taser</li>
			</classFighterAbilities>
			<learnableSkills>								
			</learnableSkills>
			
			<isMage>false</isMage>						
			<isFighter>true</isFighter>						
															
			<isNecromancer>false</isNecromancer>			
			<isUndead>false</isUndead>						
															
			<isAndroid>false</isAndroid>				
			<isAdvancedClass>false</isAdvancedClass>		
		  </li>
		  <!-- Custom Class - the Wind Mage -->
		  <li>		  
			<classTrait>TM_WindMage</classTrait>			
			<traitDegree>4</traitDegree>					
			<classHediff></classHediff>								
			<classTexturePath>technoMageMark</classTexturePath> 
			<classIconPath>PsiMark</classIconPath>		
			<classIconColor>(0.53,0.91,0.76)</classIconColor>	
			<tornScript>Torn_BookOfWindMage</tornScript>						
			<fullScript>BookOfWindMage</fullScript>			
			
			<classMageAbilities>						
				<li>TM_Gust</li>
				<li>TM_Windstep</li>
				<li>TM_Stifle</li>
				<li>TM_Updraft</li>
				<li>TM_AdvancedFlight</li>
				<li>TM_Gale</li>
				<li>TM_FeyWinds</li>
			</classMageAbilities>
			<learnableSpells>							
			</learnableSpells>								
			
			<classFighterAbilities>						
			</classFighterAbilities>
			<learnableSkills>					
			</learnableSkills>
			
			<isMage>true</isMage>							
			<isFighter>false</isFighter>					
														
			<isNecromancer>false</isNecromancer>		
			<isUndead>false</isUndead>					
															
			<isAndroid>false</isAndroid>					
			<isAdvancedClass>false</isAdvancedClass>		
		  </li>
		  <!-- Custom Class - the Medic -->
		  <li>		  
			<classTrait>TM_Medic</classTrait>			
			<traitDegree>4</traitDegree>					
			<classHediff></classHediff>									
			<classTexturePath>shadowFlame</classTexturePath>
			<classIconPath>CustomFlame</classIconPath>		
			<classIconColor>(.98,1.00,.90)</classIconColor>		
			<tornScript></tornScript>						
			<fullScript>BookOfMedic</fullScript>			
			
			<classMageAbilities>							
			</classMageAbilities>
			<learnableSpells>								
			</learnableSpells>								
			
			<classFighterAbilities>						
				<li>TM_DisablingShot</li>
				<li>TM_DisablingShot_I</li>
				<li>TM_DisablingShot_II</li>
				<li>TM_DisablingShot_III</li>
				<li>TM_Medigel1</li>
				<li>TM_Emergency1</li>
				<li>TM_CombatDrugPain</li>
				<li>TM_CombatDrugMoving</li>
				<li>TM_CombatDrugAwareness</li>
				<li>TM_CombatDrugAccuracy</li>
				<li>TM_BoosterShot</li>
				<li>TM_Antidepressants</li>
				<li>TM_ThermoPills</li>
				<li>TM_BloodTransfusion</li>
				<li>TM_Antitoxin</li>
			</classFighterAbilities>
			<learnableSkills>								
			</learnableSkills>
			
			<isMage>false</isMage>							
			<isFighter>true</isFighter>						
														
			<isNecromancer>false</isNecromancer>		
			<isUndead>false</isUndead>						
															
			<isAndroid>false</isAndroid>				
			<isAdvancedClass>false</isAdvancedClass>		
		  </li>
		  <!-- Custom Class - the Chroma Mage -->
		  <li>		  
			<classTrait>TM_ChromaMage</classTrait>		
			<traitDegree>4</traitDegree>					
			<classHediff></classHediff>									
			<classTexturePath>wandererFlame</classTexturePath>
			<classIconPath>CustomFlame</classIconPath>		
			<classIconColor>(.5,0.83,1.0)</classIconColor>		
			<tornScript>Torn_BookOfChromaMage</tornScript>			
			<fullScript></fullScript>			
			
			<classMageAbilities>							
				<li>TM_Fireball</li>
				<li>TM_Soothe</li>
				<li>TM_Soothe_I</li>
				<li>TM_Soothe_II</li>
				<li>TM_Soothe_III</li>
				<li>TM_LightningCloud</li>
				<li>TM_SummonElemental</li>
				<li>TM_Transmutate</li>
				<li>TM_LightSkip</li>
				<li>TM_Shield</li>
				<li>TM_Shield_I</li>
				<li>TM_Shield_II</li>
				<li>TM_Shield_III</li>
				<li>TM_CureDisease</li>
				<li>TM_Purify</li>
				<li>TM_Stoneskin</li>
				<li>TM_SoulBond</li>
				<li>TM_RaiseUndead</li>
				<li>TM_MagicMissile</li>
				<li>TM_MagicMissile_I</li>
				<li>TM_MagicMissile_II</li>
				<li>TM_MagicMissile_III</li>
				<li>TM_AccelerateTime</li>
			</classMageAbilities>
			<learnableSpells>								
			</learnableSpells>								
			
			<classFighterAbilities>							
			</classFighterAbilities>
			<learnableSkills>							
			</learnableSkills>
			
			<isMage>true</isMage>							
			<isFighter>false</isFighter>						
			<maxMageLevel>30</maxMageLevel>      
															
			<isNecromancer>true</isNecromancer>			
			<isUndead>false</isUndead>						
													
			<isAndroid>false</isAndroid>				
			<isAdvancedClass>false</isAdvancedClass>		
		  </li>
		  <!-- Custom Class - the Harbinger -->
		  <li>		  
			<classTrait>TM_Harbinger</classTrait>			
			<traitDegree>4</traitDegree>					
			<classHediff></classHediff>								
			<classTexturePath>wandererFlame</classTexturePath>
			<classIconPath>CustomFlame</classIconPath>		
			<classIconColor>(.4,0.01,0.01)</classIconColor>		
			<tornScript>Torn_BookOfHarbinger</tornScript>					
			<fullScript>BookOfHarbinger</fullScript>			
			
			<classMageAbilities>							
				<li>TM_Infuriate</li>
				<li>TM_PutridBile</li>
				<li>TM_ShadowFetters</li>
				<li>TM_Paranoia</li>
				<li>TM_BloodCurse</li>
				<li>TM_RendSoul</li>
				<li>TM_WailOfDoom</li>
			</classMageAbilities>
			<learnableSpells>
			</learnableSpells>								
			<classFighterAbilities>							
			</classFighterAbilities>
			<learnableSkills>								
			</learnableSkills>
			
			<isMage>true</isMage>							
			<isFighter>false</isFighter>						
															
			<isNecromancer>true</isNecromancer>			
			<isUndead>false</isUndead>						
															
			<isAndroid>false</isAndroid>				
			<isAdvancedClass>false</isAdvancedClass>	
		  </li>
		  <!-- Custom Class - the Reaper -->
		  <li>		  
			<classTrait>TM_Reaper</classTrait>			
			<traitDegree>4</traitDegree>				
			<classHediff></classHediff>							
			<classTexturePath>shadowFlame</classTexturePath>
			<classIconPath>CustomFlame</classIconPath>		
			<classIconColor>(.3,0,.6)</classIconColor>		
			<tornScript></tornScript>					
			<fullScript>BookOfReaper</fullScript>			
			
			<classMageAbilities>
				<li>TM_ShadowWalk</li>
				<li>TM_DarkFlight</li>
				<li>TM_Infuriate</li>
			</classMageAbilities>
				
			<learnableSpells>								
			</learnableSpells>								
			
			<classFighterAbilities>						
				<li>TM_Possess</li>
				<li>TM_Somnolence</li>
				<li>TM_Dementia</li>
				<li>TM_Malice</li>
			</classFighterAbilities>
			<learnableSkills>								
			</learnableSkills>
			
			<isMage>true</isMage>							
			<isFighter>true</isFighter>						
														
			<isNecromancer>true</isNecromancer>			
			<isUndead>false</isUndead>						
														
			<isAndroid>false</isAndroid>					
			<isAdvancedClass>false</isAdvancedClass>		
		  </li>
		  <!-- Custom Class - the Berserker -->
 		  <li>		  
			<classTrait>TM_Berserker</classTrait>				
			<traitDegree>4</traitDegree>												
			<classHediff></classHediff>								
			<classTexturePath>wandererFlame</classTexturePath>
			<classIconPath>CustomFlame</classIconPath>	
			<classIconColor>(1,0.09,0.39)</classIconColor>		
			<tornScript></tornScript>						
			<fullScript>BookOfBerserker</fullScript>	
			
			<classMageAbilities>							
			</classMageAbilities>
			<learnableSpells>								
			</learnableSpells>								
			
			<classFighterAbilities>
				<li>TM_LifeSteal</li>
				<li>TM_Sprint</li>
				<li>TM_Sprint_I</li>
				<li>TM_Sprint_II</li>
				<li>TM_Sprint_III</li>
				<li>TM_Cleave</li>
				<li>TM_Fortitude</li>
				<li>TM_Berserk</li>
				<li>TM_Haste</li>
				<li>TM_ThrillOfBattle</li>
				<li>TM_RecklessCharge</li>
			</classFighterAbilities>
			<learnableSkills>								
			</learnableSkills>
			
			<isMage>false</isMage>							
			<isFighter>true</isFighter>					
			<isNecromancer>false</isNecromancer>			
			<isUndead>false</isUndead>										
			<isAndroid>false</isAndroid>					
			<isAdvancedClass>false</isAdvancedClass>		
		  </li>
		  <!-- Custom Class - the Scion -->
 		  <li>		  
			<classTrait>TM_Scion</classTrait>				
			<traitDegree>4</traitDegree>													
			<classHediff></classHediff>							
			<classTexturePath>wandererFlame</classTexturePath>
			<classIconPath>CustomFlame</classIconPath>		
			<classIconColor>(.5,0.83,1.0)</classIconColor>		
			<tornScript></tornScript>						
			<fullScript>BookOfScion</fullScript>	
			
			<classMageAbilities>							
			</classMageAbilities>
			<learnableSpells>								
			</learnableSpells>								
			
			<classFighterAbilities>
				<li>TM_QilinStance</li>
				<li>TM_TurtleStance</li>
				<li>TM_PhoenixStance</li>
				<li>TM_DragonStance</li>
				<li>TM_AscendedStance</li>
				<li>TM_CancelStance</li>
			</classFighterAbilities>
			<learnableSkills>								
			</learnableSkills>
			
			<isMage>false</isMage>							
			<isFighter>true</isFighter>					
			<isNecromancer>false</isNecromancer>			
			<isUndead>false</isUndead>										
			<isAndroid>false</isAndroid>					
			<isAdvancedClass>false</isAdvancedClass>		
		  </li>

		  <!-- Custom Class - the Plaguedoctor -->
 		  <li>		  
			<classTrait>TM_Plaguedoctor</classTrait>				
			<traitDegree>4</traitDegree>													
			<classHediff></classHediff>									
			<classTexturePath>shadowFlame</classTexturePath>
			<classIconPath>CustomFlame</classIconPath>		
			<classIconColor>(.3,0,.6)</classIconColor>		
			<tornScript></tornScript>						
			<fullScript>BookOfPlaguedoctor</fullScript>	
			
			<classMageAbilities>							
			</classMageAbilities>
			<learnableSpells>								
			</learnableSpells>								
			
			<classFighterAbilities>
				<li>TM_ExperimentalIncision</li>
				<li>TM_InvoluntaryInoculation</li>
				<li>TM_CallousSurgery</li>
				<li>TM_VileTransfusion</li>
				<li>TM_Bloodletting</li>
				<li>TM_PlagueKnife</li>
				<li>TM_GleefulButchery</li>
				<li>TM_FetidFumes</li>
				<li>TM_ProperDisposal</li>
			</classFighterAbilities>
			<learnableSkills>								
			</learnableSkills>
			
			<isMage>false</isMage>							
			<isFighter>true</isFighter>					
			<isNecromancer>false</isNecromancer>			
			<isUndead>false</isUndead>										
			<isAndroid>false</isAndroid>					
			<isAdvancedClass>false</isAdvancedClass>		
		  </li>
		  <!-- Custom Class - the Cleric -->
		  <li>		  
			<classTrait>TM_Cleric</classTrait>			
			<traitDegree>4</traitDegree>					
			<classHediff></classHediff>								
			<classTexturePath>brightMageMark</classTexturePath> 
			<classIconPath>PsiMark</classIconPath>		
			<classIconColor>(1,0.95,.9)</classIconColor>		
			<tornScript>Torn_BookOfCleric</tornScript>						
			<fullScript>BookOfCleric</fullScript>			
			
			<classMageAbilities>
				<li>TM_FastHeal</li>
				<li>TM_Sap</li>
				<li>TM_LumenShot</li>
				<li>TM_GreaterDispel</li>
				<li>TM_MindShock</li>
				<li>TM_Protect</li>
				<li>TM_HolyWrath</li>				
			</classMageAbilities>
			<learnableSpells>
				<li>SpellOf_HolyWrath</li>							
			</learnableSpells>								
			
			<classFighterAbilities>
			</classFighterAbilities>
			<learnableSkills>								
			</learnableSkills>
			
			<isMage>true</isMage>						
			<isFighter>false</isFighter>						
															
			<isNecromancer>false</isNecromancer>			
			<isUndead>false</isUndead>						
															
			<isAndroid>false</isAndroid>				
			<isAdvancedClass>false</isAdvancedClass>		
		  </li>

		  <!-- Custom Class - the Arbormancer -->
		  <li>		  
			<classTrait>TM_Arbormancer</classTrait>			
			<traitDegree>4</traitDegree>					
			<classHediff></classHediff>								
			<classTexturePath>druidMageMark</classTexturePath>
			<classIconPath>MageMark</classIconPath>		
			<classIconColor>(0.4,0.76,0.12)</classIconColor>		
			<tornScript>Torn_BookOfArbormancer</tornScript>						
			<fullScript>BookOfArbormancer</fullScript>			
			
			<classMageAbilities>
				<li>TM_VerdantTraversal</li>
				<li>TM_ElementalOrigin</li>
				<li>TM_Healberry</li>
				<li>TM_Honeytrap</li>
				<li>TM_Suncall</li>
				<li>TM_Bloodsoak</li>
				<li>TM_Combust</li>
			</classMageAbilities>
			<learnableSpells>						
			</learnableSpells>								
			
			<classFighterAbilities>
			</classFighterAbilities>
			<learnableSkills>								
			</learnableSkills>
			
			<isMage>true</isMage>						
			<isFighter>false</isFighter>						
															
			<isNecromancer>false</isNecromancer>			
			<isUndead>false</isUndead>						
															
			<isAndroid>false</isAndroid>				
			<isAdvancedClass>false</isAdvancedClass>		
		  </li>

		  <!-- Custom Class - the Chainwarden -->
		  <li>		  
			<classTrait>TM_Chainwarden</classTrait>			
			<traitDegree>4</traitDegree>					
			<classHediff></classHediff>								
			<classTexturePath>wayfarerFlame</classTexturePath>
			<classIconPath>CustomFlame</classIconPath>		
			<classIconColor>(1,0.09,0.39)</classIconColor>		
			<tornScript></tornScript>						
			<fullScript>BookOfChainwarden</fullScript>			
			
			<classMageAbilities>			
			</classMageAbilities>
			<learnableSpells>						
			</learnableSpells>								
			
			<classFighterAbilities>
				<li>TM_ChainDash</li>
				<li>TM_Condemn</li>
				<li>TM_ChainStrike</li>
				<li>TM_ChainFlurry</li>
				<li>TM_ChainJail</li>
				<li>TM_ChainWard</li>
			</classFighterAbilities>
			<learnableSkills>								
			</learnableSkills>
			
			<isMage>false</isMage>						
			<isFighter>true</isFighter>						
															
			<isNecromancer>false</isNecromancer>			
			<isUndead>false</isUndead>						
															
			<isAndroid>false</isAndroid>				
			<isAdvancedClass>false</isAdvancedClass>		
		  </li>

		  <!-- Custom Class - the Ambusher -->
		  <li>		  
			<classTrait>TM_Ambusher</classTrait>			
			<traitDegree>4</traitDegree>					
			<classHediff></classHediff>								
			<classTexturePath>shadowFlame</classTexturePath>
			<classIconPath>CustomFlame</classIconPath>		
			<classIconColor>(.3,0,.6)</classIconColor>		
			<tornScript></tornScript>						
			<fullScript>BookOfAmbusher</fullScript>			
			
			<classMageAbilities>			
			</classMageAbilities>
			<learnableSpells>						
			</learnableSpells>								
			
			<classFighterAbilities>
				<li>TM_GrapplingHook</li>
				<li>TM_RemoteExplosive</li>
				<li>TM_FlashTrap</li>
				<li>TM_PoisonTrap</li>
				<li>TM_CloakAndDagger</li>
				<li>TM_CancelCloak</li>
				<li>TM_Ambush</li>
			</classFighterAbilities>
			<learnableSkills>								
			</learnableSkills>
			
			<isMage>false</isMage>						
			<isFighter>true</isFighter>						
															
			<isNecromancer>false</isNecromancer>			
			<isUndead>false</isUndead>						
															
			<isAndroid>false</isAndroid>				
			<isAdvancedClass>false</isAdvancedClass>		
		  </li>

		  <!-- Custom Class - the Saboteur -->
		  <li>		  
			<classTrait>TM_Saboteur</classTrait>			
			<traitDegree>4</traitDegree>					
			<classHediff></classHediff>								
			<classTexturePath>shadowFlame</classTexturePath>
			<classIconPath>CustomFlame</classIconPath>		
			<classIconColor>(.3,0,.6)</classIconColor>		
			<tornScript></tornScript>						
			<fullScript>BookOfSaboteur</fullScript>			
			
			<classMageAbilities>			
			</classMageAbilities>
			<learnableSpells>						
			</learnableSpells>								
			
			<classFighterAbilities>
				<li>TM_Disguise</li>
				<li>TM_C45Explosives</li>
				<li>TM_TimedCharge</li>
				<li>TM_StickyBombs</li>
				<li>TM_Flashbang</li>
				<li>TM_Taser</li>
				<li>TM_CloakingDevice</li>
				<li>TM_Jetpack</li>
			</classFighterAbilities>
			<learnableSkills>								
			</learnableSkills>
			
			<isMage>false</isMage>						
			<isFighter>true</isFighter>						
															
			<isNecromancer>false</isNecromancer>			
			<isUndead>false</isUndead>						
															
			<isAndroid>false</isAndroid>				
			<isAdvancedClass>false</isAdvancedClass>		
		  </li>

		  <!-- Custom Class - the Keeper -->
		  <li>		  
			<classTrait>TM_Keeper</classTrait>			
			<traitDegree>4</traitDegree>					
			<classHediff></classHediff>								
			<classTexturePath>summonerMageMark</classTexturePath> 
			<classIconPath>MageMark</classIconPath>		
			<classIconColor>(0.53,0.91,0.76)</classIconColor>	
			<tornScript>Torn_BookOfKeeper</tornScript>						
			<fullScript>BookOfKeeper</fullScript>			
			
			<classMageAbilities>						
				<li>TM_Sentinel</li>
				<li>TM_Encase</li>
				<li>TM_Encase_I</li>
				<li>TM_Encase_II</li>
				<li>TM_Encase_III</li>
				<li>TM_ArcaneWall</li>
				<li>TM_SummonExplosive</li>
				<li>TM_SummonPylon</li>
				<li>TM_EssenceChanneling</li>
				<li>TM_EnergyChanneling</li>
			</classMageAbilities>
			<learnableSpells>							
			</learnableSpells>								
			
			<classFighterAbilities>						
			</classFighterAbilities>
			<learnableSkills>					
			</learnableSkills>
			
			<isMage>true</isMage>							
			<isFighter>false</isFighter>					
														
			<isNecromancer>false</isNecromancer>		
			<isUndead>false</isUndead>					
															
			<isAndroid>false</isAndroid>					
			<isAdvancedClass>false</isAdvancedClass>		
		  </li>

		  <!-- Custom Class - the Pridestalker -->
		  <li>		  
			<classTrait>TM_Pridestalker</classTrait>			
			<traitDegree>4</traitDegree>					
			<classHediff></classHediff>								
			<classTexturePath>druidMageMark</classTexturePath> 
			<classIconPath>MageMark</classIconPath>		
			<classIconColor>(0.53,0.91,0.76)</classIconColor>	
			<tornScript></tornScript>						
			<fullScript>BookOfPridestalker</fullScript>			
			
			<classMageAbilities>						
				<li>TM_Shapeshift</li>
				<li>TM_Polymorph</li>
				<li>TM_Polymorph_I</li>
				<li>TM_Polymorph_II</li>
				<li>TM_Polymorph_III</li>
				<li>TM_StalkersGaze</li>
				<li>TM_TargetPractice</li>
			</classMageAbilities>
			<learnableSpells>
				<li>SpellOf_Shapeshift</li>							
			</learnableSpells>								
			
			<classFighterAbilities>
				<li>TM_BowTraining</li>				
				<li>TM_PhysicalShapeshift</li>
				<li>TM_AnimalFriend</li>
				<li>TM_ArrowStorm</li>
				<li>TM_ArrowStorm_I</li>
				<li>TM_ArrowStorm_II</li>
				<li>TM_ArrowStorm_III</li>
				<li>TM_ClarionCall</li>
			</classFighterAbilities>
			<learnableSkills>					
			</learnableSkills>
			
			<isMage>true</isMage>							
			<isFighter>true</isFighter>					
														
			<isNecromancer>false</isNecromancer>		
			<isUndead>false</isUndead>					
															
			<isAndroid>false</isAndroid>					
			<isAdvancedClass>false</isAdvancedClass>		
		  </li>

	</value>
  </Operation> 
  
</Patch>