<?xml version="1.0" encoding="utf-8" ?>

 
<Defs>
	<TorannMagic.TM_CustomPowerDef ParentName="CustomPower">
		<defName>TM_Medigel1</defName>	
		<customPower>	
			<forFighter>true</forFighter>
			<learnCost>1</learnCost>
			<abilityDefs>									
				<li>TM_Medigel1</li>							
			</abilityDefs>
			<skills>
				<li>										
					<label></label>
					<description></description>
					<levelMax>3</levelMax>
					<costToLevel>1</costToLevel>
				</li>
			</skills>		
		</customPower>
	</TorannMagic.TM_CustomPowerDef>

	<TorannMagic.TM_CustomPowerDef ParentName="CustomPower">
		<defName>TM_Emergency1</defName>	
		<customPower>	
			<forFighter>true</forFighter>
			<learnCost>1</learnCost>
			<abilityDefs>									
				<li>TM_Emergency1</li>							
			</abilityDefs>
			<skills>
				<li>										
					<label></label>
					<description></description>
					<levelMax>3</levelMax>
					<costToLevel>1</costToLevel>
				</li>
			</skills>		
		</customPower>
	</TorannMagic.TM_CustomPowerDef>

	<TorannMagic.TM_CustomPowerDef ParentName="CustomPower">
		<defName>TM_CombatDrugPain</defName>	
		<customPower>	
			<forFighter>true</forFighter>
			<learnCost>1</learnCost>
			<abilityDefs>									
				<li>TM_CombatDrugPain</li>							
			</abilityDefs>
			<skills>
				<li>										
					<label></label>
					<description></description>
					<levelMax>3</levelMax>
					<costToLevel>1</costToLevel>
				</li>
			</skills>			
		</customPower>
	</TorannMagic.TM_CustomPowerDef>

	<TorannMagic.TM_CustomPowerDef ParentName="CustomPower">
		<defName>TM_CombatDrugMoving</defName>	
		<customPower>	
			<forFighter>true</forFighter>
			<learnCost>1</learnCost>
			<abilityDefs>									
				<li>TM_CombatDrugMoving</li>							
			</abilityDefs>
			<skills>
				<li>										
					<label></label>
					<description></description>
					<levelMax>3</levelMax>
					<costToLevel>1</costToLevel>
				</li>
			</skills>							
		</customPower>
	</TorannMagic.TM_CustomPowerDef>

	<TorannMagic.TM_CustomPowerDef ParentName="CustomPower">
		<defName>TM_CombatDrugAwareness</defName>	
		<customPower>	
			<forFighter>true</forFighter>
			<learnCost>1</learnCost>
			<abilityDefs>									
				<li>TM_CombatDrugAwareness</li>							
			</abilityDefs>
			<skills>
				<li>										
					<label></label>
					<description></description>
					<levelMax>3</levelMax>
					<costToLevel>1</costToLevel>
				</li>
			</skills>								
		</customPower>
	</TorannMagic.TM_CustomPowerDef>

	<TorannMagic.TM_CustomPowerDef ParentName="CustomPower">
		<defName>TM_CombatDrugAccuracy</defName>	
		<customPower>	
			<forFighter>true</forFighter>
			<learnCost>1</learnCost>
			<abilityDefs>									
				<li>TM_CombatDrugAccuracy</li>							
			</abilityDefs>
			<skills>
				<li>										
					<label></label>
					<description></description>
					<levelMax>3</levelMax>
					<costToLevel>1</costToLevel>
				</li>
			</skills>										
		</customPower>
	</TorannMagic.TM_CustomPowerDef>


	<TorannMagic.TM_CustomPowerDef ParentName="CustomPower">
		<defName>TM_Purity</defName>	
		<customPower>	
			<forFighter>true</forFighter>
			<learnCost>1</learnCost>
			<abilityDefs>									
				<li>TM_Purity</li>							
			</abilityDefs>
			<skills>
				<li>										
					<label></label>
					<description></description>
					<levelMax>3</levelMax>
					<costToLevel>1</costToLevel>
				</li>
			</skills>									
		</customPower>
	</TorannMagic.TM_CustomPowerDef>

	<TorannMagic.TM_CustomPowerDef ParentName="CustomPower">
		<defName>TM_Equality</defName>	
		<customPower>	
			<forFighter>true</forFighter>
			<learnCost>1</learnCost>
			<abilityDefs>									
				<li>TM_Equality</li>							
			</abilityDefs>
			<skills>
				<li>										
					<label></label>
					<description></description>
					<levelMax>3</levelMax>
					<costToLevel>1</costToLevel>
				</li>
			</skills>									
		</customPower>
	</TorannMagic.TM_CustomPowerDef>

	<TorannMagic.TM_CustomPowerDef ParentName="CustomPower">
		<defName>TM_Retribution</defName>	
		<customPower>	
			<forFighter>true</forFighter>
			<learnCost>1</learnCost>
			<abilityDefs>									
				<li>TM_Retribution</li>							
			</abilityDefs>
			<skills>
				<li>										
					<label></label>
					<description></description>
					<levelMax>3</levelMax>
					<costToLevel>1</costToLevel>
				</li>
			</skills>									
		</customPower>
	</TorannMagic.TM_CustomPowerDef>

	<TorannMagic.TM_CustomPowerDef ParentName="CustomPower">
		<defName>TM_Malice</defName>	
		<customPower>
			<forFighter>true</forFighter>
			<abilityDefs>									
				<li>TM_Malice</li>				
			</abilityDefs>
			<skills>
				<li>										
					<label></label>
					<description></description>
					<levelMax>3</levelMax>
					<costToLevel>1</costToLevel>
				</li>
			</skills>							
		</customPower>
	</TorannMagic.TM_CustomPowerDef>

	<TorannMagic.TM_CustomPowerDef ParentName="CustomPower">
		<defName>TM_MiniBomb</defName>	
		<customPower>	
			<forFighter>true</forFighter>
			<abilityDefs>									
				<li>TM_MiniBomb</li>						
			</abilityDefs>
			<skills>
				<li>										
					<label></label>
					<description></description>
					<levelMax>3</levelMax>
					<costToLevel>1</costToLevel>
				</li>
			</skills>									
		</customPower>
	</TorannMagic.TM_CustomPowerDef>

	<TorannMagic.TM_CustomPowerDef ParentName="CustomPower">
		<defName>TM_ClearingCharge</defName>	
		<customPower>	
			<forFighter>true</forFighter>
			<abilityDefs>									
				<li>TM_ClearingCharge</li>						
			</abilityDefs>
			<skills>
				<li>										
					<label></label>
					<description></description>
					<levelMax>3</levelMax>
					<costToLevel>1</costToLevel>
				</li>
			</skills>									
		</customPower>
	</TorannMagic.TM_CustomPowerDef>

	<TorannMagic.TM_CustomPowerDef ParentName="CustomPower">
		<defName>TM_IgnitionCharge</defName>	
		<customPower>	
			<forFighter>true</forFighter>
			<abilityDefs>									
				<li>TM_IgnitionCharge</li>						
			</abilityDefs>
			<skills>
				<li>										
					<label></label>
					<description></description>
					<levelMax>3</levelMax>
					<costToLevel>1</costToLevel>
				</li>
			</skills>										
		</customPower>
	</TorannMagic.TM_CustomPowerDef>

	<TorannMagic.TM_CustomPowerDef ParentName="CustomPower">
		<defName>TM_FlashCharge</defName>	
		<customPower>	
			<forFighter>true</forFighter>
			<abilityDefs>									
				<li>TM_FlashCharge</li>						
			</abilityDefs>
			<skills>
				<li>										
					<label></label>
					<description></description>
					<levelMax>3</levelMax>
					<costToLevel>1</costToLevel>
				</li>
			</skills>									
		</customPower>
	</TorannMagic.TM_CustomPowerDef>


	<TorannMagic.TM_CustomPowerDef ParentName="CustomPower">
		<defName>TM_EMPCharge</defName>	
		<customPower>	
			<forFighter>true</forFighter>
			<abilityDefs>									
				<li>TM_EMPCharge</li>						
			</abilityDefs>
			<skills>
				<li>										
					<label></label>
					<description></description>
					<levelMax>3</levelMax>
					<costToLevel>1</costToLevel>
				</li>
			</skills>										
		</customPower>
	</TorannMagic.TM_CustomPowerDef>

	<TorannMagic.TM_CustomPowerDef ParentName="CustomPower">
		<defName>TM_SiegeExplosive</defName>	
		<customPower>	
			<forFighter>true</forFighter>
			<abilityDefs>									
				<li>TM_SiegeExplosive</li>						
			</abilityDefs>
			<skills>
				<li>										
					<label></label>
					<description></description>
					<levelMax>3</levelMax>
					<costToLevel>1</costToLevel>
				</li>
			</skills>										
		</customPower>
	</TorannMagic.TM_CustomPowerDef>

	<TorannMagic.TM_CustomPowerDef ParentName="CustomPower">
		<defName>TM_CarpetBomb</defName>	
		<customPower>	
			<forFighter>true</forFighter>
			<abilityDefs>									
				<li>TM_CarpetBomb</li>						
			</abilityDefs>
			<skills>
				<li>										
					<label></label>
					<description></description>
					<levelMax>3</levelMax>
					<costToLevel>1</costToLevel>
				</li>
			</skills>										
		</customPower>
	</TorannMagic.TM_CustomPowerDef>


	<TorannMagic.TM_CustomPowerDef ParentName="CustomPower">
		<defName>TM_Somnolence</defName>	
		<customPower>	
			<forFighter>true</forFighter>
			<abilityDefs>									
				<li>TM_Somnolence</li>						
			</abilityDefs>
			<skills>
				<li>										
					<label></label>
					<description></description>
					<levelMax>3</levelMax>
					<costToLevel>1</costToLevel>
				</li>
			</skills>									
		</customPower>
	</TorannMagic.TM_CustomPowerDef>

	<TorannMagic.TM_CustomPowerDef ParentName="CustomPower">
		<defName>TM_Dementia</defName>	
		<customPower>	
			<forFighter>true</forFighter>
			<abilityDefs>									
				<li>TM_Dementia</li>						
			</abilityDefs>
			<skills>
				<li>										
					<label></label>
					<description></description>
					<levelMax>3</levelMax>
					<costToLevel>1</costToLevel>
				</li>
			</skills>										
		</customPower>
	</TorannMagic.TM_CustomPowerDef>

	<TorannMagic.TM_CustomPowerDef ParentName="CustomPower">
		<defName>TM_Shapeshift</defName>	
		<customPower>	
			<forFighter>true</forFighter>
			<abilityDefs>									
				<li>TM_PhysicalShapeshift</li>						
			</abilityDefs>
			<skills>
				<li>										
					<label></label>
					<description></description>
					<levelMax>3</levelMax>
					<costToLevel>1</costToLevel>
				</li>
			</skills>					
		</customPower>
	</TorannMagic.TM_CustomPowerDef>

	<TorannMagic.TM_CustomPowerDef ParentName="CustomPower">
		<defName>TM_Antidepressants</defName>	
		<customPower>	
			<forFighter>true</forFighter>
			<abilityDefs>									
				<li>TM_Antidepressants</li>						
			</abilityDefs>
			<skills>
				<li>										
					<label></label>
					<description></description>
					<levelMax>3</levelMax>
					<costToLevel>1</costToLevel>
				</li>
			</skills>					
		</customPower>
	</TorannMagic.TM_CustomPowerDef>

	<TorannMagic.TM_CustomPowerDef ParentName="CustomPower">
		<defName>TM_ThermoPills</defName>	
		<customPower>	
			<forFighter>true</forFighter>
			<abilityDefs>									
				<li>TM_ThermoPills</li>						
			</abilityDefs>
			<skills>
				<li>										
					<label></label>
					<description></description>
					<levelMax>3</levelMax>
					<costToLevel>1</costToLevel>
				</li>
			</skills>					
		</customPower>
	</TorannMagic.TM_CustomPowerDef>

	<TorannMagic.TM_CustomPowerDef ParentName="CustomPower">
		<defName>TM_Iai</defName>	
		<customPower>	
			<forFighter>true</forFighter>
			<abilityDefs>									
				<li>TM_Iai</li>						
			</abilityDefs>
			<skills>
				<li>										
					<label></label>
					<description></description>
					<levelMax>3</levelMax>
					<costToLevel>1</costToLevel>
				</li>
			</skills>					
		</customPower>
	</TorannMagic.TM_CustomPowerDef>

	<TorannMagic.TM_CustomPowerDef ParentName="CustomPower">
		<defName>TM_EnergySurge</defName>	
		<customPower>	
			<forFighter>true</forFighter>
			<abilityDefs>									
				<li>TM_EnergySurge</li>						
			</abilityDefs>
			<skills>
				<li>										
					<label></label>
					<description></description>
					<levelMax>3</levelMax>
					<costToLevel>1</costToLevel>
				</li>
			</skills>				
		</customPower>
	</TorannMagic.TM_CustomPowerDef>

	<TorannMagic.TM_CustomPowerDef ParentName="CustomPower">
		<defName>TM_BoosterShot</defName>	
		<customPower>	
			<forFighter>true</forFighter>
			<abilityDefs>									
				<li>TM_BoosterShot</li>						
			</abilityDefs>
			<skills>
				<li>										
					<label></label>
					<description></description>
					<levelMax>3</levelMax>
					<costToLevel>1</costToLevel>
				</li>
			</skills>			
		</customPower>
	</TorannMagic.TM_CustomPowerDef>

	<TorannMagic.TM_CustomPowerDef ParentName="CustomPower">
		<defName>TM_BloodTransfusion</defName>	
		<customPower>	
			<forFighter>true</forFighter>
			<abilityDefs>									
				<li>TM_BloodTransfusion</li>						
			</abilityDefs>
			<skills>
				<li>										
					<label></label>
					<description></description>
					<levelMax>3</levelMax>
					<costToLevel>1</costToLevel>
				</li>
			</skills>			
		</customPower>
	</TorannMagic.TM_CustomPowerDef>

	<TorannMagic.TM_CustomPowerDef ParentName="CustomPower">
		<defName>TM_Antitoxin</defName>	
		<customPower>	
			<forFighter>true</forFighter>
			<abilityDefs>									
				<li>TM_Antitoxin</li>						
			</abilityDefs>
			<skills>
				<li>										
					<label></label>
					<description></description>
					<levelMax>3</levelMax>
					<costToLevel>1</costToLevel>
				</li>
			</skills>			
		</customPower>
	</TorannMagic.TM_CustomPowerDef>

	<TorannMagic.TM_CustomPowerDef ParentName="CustomPower">
		<defName>TM_ImbueEnergy</defName>	
		<customPower>	
			<forMage>true</forMage>
			<abilityDefs>									
				<li>TM_ImbueEnergy</li>						
			</abilityDefs>
			<skills>
				<li>										
					<label></label>
					<description></description>
					<levelMax>3</levelMax>
					<costToLevel>1</costToLevel>
				</li>
			</skills>				
		</customPower>
	</TorannMagic.TM_CustomPowerDef>

	<TorannMagic.TM_CustomPowerDef ParentName="CustomPower">
		<defName>TM_BackupGrenade</defName>	
		<customPower>	
			<forFighter>true</forFighter>
			<abilityDefs>									
				<li>TM_BackupGrenade</li>					
			</abilityDefs>
			<skills>
				<li>										
					<label></label>
					<description></description>
					<levelMax>3</levelMax>
					<costToLevel>1</costToLevel>
				</li>
			</skills>			
		</customPower>
	</TorannMagic.TM_CustomPowerDef>

	<TorannMagic.TM_CustomPowerDef ParentName="CustomPower">
		<defName>TM_EMPBomb</defName>	
		<customPower>	
			<forFighter>true</forFighter>
			<abilityDefs>									
				<li>TM_EMPBomb</li>						
			</abilityDefs>
			<skills>
				<li>										
					<label></label>
					<description></description>
					<levelMax>3</levelMax>
					<costToLevel>1</costToLevel>
				</li>
			</skills>				
		</customPower>
	</TorannMagic.TM_CustomPowerDef>

	<TorannMagic.TM_CustomPowerDef ParentName="CustomPower">
		<defName>TM_Barkskin</defName>	
		<customPower>	
			<forMage>true</forMage>
			<abilityDefs>									
				<li>TM_Barkskin</li>						
			</abilityDefs>
			<skills>
				<li>										
					<label></label>
					<description></description>
					<levelMax>3</levelMax>
					<costToLevel>1</costToLevel>
				</li>
			</skills>				
		</customPower>

	</TorannMagic.TM_CustomPowerDef>

	<TorannMagic.TM_CustomPowerDef ParentName="CustomPower">
		<defName>TM_Rejuvenation</defName>	
		<customPower>	
			<forFighter>true</forFighter>
			<abilityDefs>									
				<li>TM_Rejuvenation</li>						
			</abilityDefs>
			<skills>
				<li>										
					<label></label>
					<description></description>
					<levelMax>3</levelMax>
					<costToLevel>1</costToLevel>
				</li>
			</skills>				
		</customPower>
	</TorannMagic.TM_CustomPowerDef>

	<TorannMagic.TM_CustomPowerDef ParentName="CustomPower">
		<defName>TM_Serenity</defName>	
		<customPower>	
			<forFighter>true</forFighter>
			<abilityDefs>									
				<li>TM_Serenity</li>						
			</abilityDefs>
			<skills>
				<li>										
					<label></label>
					<description></description>
					<levelMax>3</levelMax>
					<costToLevel>1</costToLevel>
				</li>
			</skills>					
		</customPower>
	</TorannMagic.TM_CustomPowerDef>

	<TorannMagic.TM_CustomPowerDef ParentName="CustomPower">
		<defName>TM_Glare</defName>	
		<customPower>	
			<forFighter>true</forFighter>
			<abilityDefs>									
				<li>TM_Glare</li>						
			</abilityDefs>
			<skills>
				<li>										
					<label></label>
					<description></description>
					<levelMax>3</levelMax>
					<costToLevel>1</costToLevel>
				</li>
			</skills>				
		</customPower>
	</TorannMagic.TM_CustomPowerDef>

	<TorannMagic.TM_CustomPowerDef ParentName="CustomPower">
		<defName>TM_TouchOfDeath</defName>	
		<customPower>	
			<forFighter>true</forFighter>
			<abilityDefs>									
				<li>TM_TouchOfDeath</li>						
			</abilityDefs>
			<skills>
				<li>										
					<label></label>
					<description></description>
					<levelMax>3</levelMax>
					<costToLevel>1</costToLevel>
				</li>
			</skills>					
		</customPower>
	</TorannMagic.TM_CustomPowerDef>

	<TorannMagic.TM_CustomPowerDef ParentName="CustomPower">
		<defName>TM_Berserk</defName>	
		<customPower>	
			<forFighter>true</forFighter>
			<abilityDefs>									
				<li>TM_Berserk</li>						
			</abilityDefs>
			<skills>
				<li>										
					<label></label>
					<description></description>
					<levelMax>3</levelMax>
					<costToLevel>1</costToLevel>
				</li>
			</skills>					
		</customPower>
	</TorannMagic.TM_CustomPowerDef>

	<TorannMagic.TM_CustomPowerDef ParentName="CustomPower">
		<defName>TM_ThrillOfBattle</defName>	
		<customPower>	
			<forFighter>true</forFighter>
			<abilityDefs>									
				<li>TM_ThrillOfBattle</li>						
			</abilityDefs>
			<skills>
				<li>										
					<label></label>
					<description></description>
					<levelMax>3</levelMax>
					<costToLevel>1</costToLevel>
				</li>
			</skills>				
		</customPower>
	</TorannMagic.TM_CustomPowerDef>

	<TorannMagic.TM_CustomPowerDef ParentName="CustomPower">
		<defName>TM_RecklessCharge</defName>	
		<customPower>	
			<forFighter>true</forFighter>
			<abilityDefs>									
				<li>TM_RecklessCharge</li>						
			</abilityDefs>
			<skills>
				<li>										
					<label></label>
					<description></description>
					<levelMax>3</levelMax>
					<costToLevel>1</costToLevel>
				</li>
			</skills>					
		</customPower>
	</TorannMagic.TM_CustomPowerDef>

	<TorannMagic.TM_CustomPowerDef ParentName="CustomPower">
		<defName>TM_Infuriate</defName>	
		<customPower>	
			<forMage>true</forMage>
			<abilityDefs>									
				<li>TM_Infuriate</li>						
			</abilityDefs>
			<skills>
				<li>										
					<label></label>
					<description></description>
					<levelMax>3</levelMax>
					<costToLevel>1</costToLevel>
				</li>
			</skills>
			<chaosMageUseable>true</chaosMageUseable>					
		</customPower>
	</TorannMagic.TM_CustomPowerDef>

	<TorannMagic.TM_CustomPowerDef ParentName="CustomPower">
		<defName>TM_Provoke</defName>	
		<customPower>	
			<forFighter>true</forFighter>
			<abilityDefs>									
				<li>TM_Provoke</li>						
			</abilityDefs>
			<skills>
				<li>										
					<label></label>
					<description></description>
					<levelMax>3</levelMax>
					<costToLevel>1</costToLevel>
				</li>
			</skills>				
		</customPower>
	</TorannMagic.TM_CustomPowerDef>

	<TorannMagic.TM_CustomPowerDef ParentName="CustomPower">
		<defName>TM_BramblePatch</defName>	
		<customPower>	
			<forMage>true</forMage>
			<abilityDefs>									
				<li>TM_BramblePatch</li>						
			</abilityDefs>
			<skills>
				<li>										
					<label></label>
					<description></description>
					<levelMax>3</levelMax>
					<costToLevel>1</costToLevel>
				</li>
			</skills>				
		</customPower>
	</TorannMagic.TM_CustomPowerDef>

	<TorannMagic.TM_CustomPowerDef ParentName="CustomPower">
		<defName>TM_ArcaneWall</defName>	
		<customPower>	
			<forMage>true</forMage>
			<abilityDefs>									
				<li>TM_ArcaneWall</li>						
			</abilityDefs>
			<skills>
				<li>										
					<label></label>
					<description></description>
					<levelMax>3</levelMax>
					<costToLevel>1</costToLevel>
				</li>
			</skills>			
		</customPower>
	</TorannMagic.TM_CustomPowerDef>

	<TorannMagic.TM_CustomPowerDef ParentName="CustomPower">
		<defName>TM_ClearMind</defName>	
		<customPower>	
			<forMage>true</forMage>
			<abilityDefs>									
				<li>TM_ClearMind</li>						
			</abilityDefs>
			<skills>
				<li>										
					<label></label>
					<description></description>
					<levelMax>3</levelMax>
					<costToLevel>1</costToLevel>
				</li>
			</skills>			
		</customPower>
	</TorannMagic.TM_CustomPowerDef>

	<TorannMagic.TM_CustomPowerDef ParentName="CustomPower">
		<defName>TM_EvasiveLeap</defName>	
		<customPower>	
			<forFighter>true</forFighter>
			<abilityDefs>									
				<li>TM_EvasiveLeap</li>						
			</abilityDefs>
			<skills>
				<li>										
					<label></label>
					<description></description>
					<levelMax>3</levelMax>
					<costToLevel>1</costToLevel>
				</li>
			</skills>				
		</customPower>
	</TorannMagic.TM_CustomPowerDef>


	<TorannMagic.TM_CustomPowerDef ParentName="CustomPower">
		<defName>TM_Haste</defName>	
		<customPower>	
			<forFighter>true</forFighter>
			<abilityDefs>									
				<li>TM_Haste</li>						
			</abilityDefs>
			<skills>
				<li>										
					<label></label>
					<description></description>
					<levelMax>3</levelMax>
					<costToLevel>1</costToLevel>
				</li>
			</skills>			
		</customPower>
	</TorannMagic.TM_CustomPowerDef>


	<TorannMagic.TM_CustomPowerDef ParentName="CustomPower">
		<defName>TM_Cheer</defName>	
		<customPower>	
			<forFighter>true</forFighter>
			<abilityDefs>									
				<li>TM_Cheer</li>						
			</abilityDefs>
			<skills>
				<li>										
					<label></label>
					<description></description>
					<levelMax>3</levelMax>
					<costToLevel>1</costToLevel>
				</li>
			</skills>			
		</customPower>
	</TorannMagic.TM_CustomPowerDef>

	<TorannMagic.TM_CustomPowerDef ParentName="CustomPower">
		<defName>TM_FireAtWill</defName>	
		<customPower>	
			<forFighter>true</forFighter>
			<abilityDefs>									
				<li>TM_FireAtWill</li>						
			</abilityDefs>
			<skills>
				<li>										
					<label></label>
					<description></description>
					<levelMax>3</levelMax>
					<costToLevel>1</costToLevel>
				</li>
			</skills>	
		</customPower>
	</TorannMagic.TM_CustomPowerDef>


	<TorannMagic.TM_CustomPowerDef ParentName="CustomPower">
		<defName>TM_Tailwind</defName>	
		<customPower>	
			<forMage>true</forMage>
			<abilityDefs>									
				<li>TM_Tailwind</li>						
			</abilityDefs>
			<skills>
				<li>										
					<label></label>
					<description></description>
					<levelMax>3</levelMax>
					<costToLevel>1</costToLevel>
				</li>
			</skills>
			<chaosMageUseable>true</chaosMageUseable>		
		</customPower>
	</TorannMagic.TM_CustomPowerDef>


	<TorannMagic.TM_CustomPowerDef ParentName="CustomPower">
		<defName>TM_GrandFinale</defName>	
		<customPower>	
			<forMage>true</forMage>
			<abilityDefs>									
				<li>TM_GrandFinale</li>						
			</abilityDefs>
			<skills>
				<li>										
					<label></label>
					<description></description>
					<levelMax>3</levelMax>
					<costToLevel>1</costToLevel>
				</li>
			</skills>		
		</customPower>
	</TorannMagic.TM_CustomPowerDef>

	<TorannMagic.TM_CustomPowerDef ParentName="CustomPower">
		<defName>TM_Diffraction</defName>	
		<customPower>	
			<forMage>true</forMage>
			<abilityDefs>									
				<li>TM_Diffraction</li>						
			</abilityDefs>
			<skills>
				<li>										
					<label></label>
					<description></description>
					<levelMax>3</levelMax>
					<costToLevel>1</costToLevel>
				</li>
			</skills>		
		</customPower>
	</TorannMagic.TM_CustomPowerDef>


	<TorannMagic.TM_CustomPowerDef ParentName="CustomPower">
		<defName>TM_Shadowsong</defName>	
		<customPower>	
			<forMage>true</forMage>
			<abilityDefs>									
				<li>TM_Shadowsong</li>						
			</abilityDefs>
			<skills>
				<li>										
					<label></label>
					<description></description>
					<levelMax>3</levelMax>
					<costToLevel>1</costToLevel>
				</li>
			</skills>
			<chaosMageUseable>true</chaosMageUseable>	
		</customPower>
	</TorannMagic.TM_CustomPowerDef>

	<TorannMagic.TM_CustomPowerDef ParentName="CustomPower">
		<defName>TM_ExperimentalIncision</defName>	
		<customPower>	
			<forFighter>true</forFighter>
			<abilityDefs>									
				<li>TM_ExperimentalIncision</li>						
			</abilityDefs>
			<skills>
				<li>										
					<label></label>
					<description></description>
					<levelMax>3</levelMax>
					<costToLevel>1</costToLevel>
				</li>
			</skills>			
		</customPower>
	</TorannMagic.TM_CustomPowerDef>

	<TorannMagic.TM_CustomPowerDef ParentName="CustomPower">
		<defName>TM_InvoluntaryInoculation</defName>	
		<customPower>	
			<forFighter>true</forFighter>
			<abilityDefs>									
				<li>TM_InvoluntaryInoculation</li>						
			</abilityDefs>
			<skills>
				<li>										
					<label></label>
					<description></description>
					<levelMax>3</levelMax>
					<costToLevel>1</costToLevel>
				</li>
			</skills>			
		</customPower>
	</TorannMagic.TM_CustomPowerDef>

	<TorannMagic.TM_CustomPowerDef ParentName="CustomPower">
		<defName>TM_CallousSurgery</defName>	
		<customPower>	
			<forFighter>true</forFighter>
			<abilityDefs>									
				<li>TM_CallousSurgery</li>						
			</abilityDefs>
			<skills>
				<li>										
					<label></label>
					<description></description>
					<levelMax>3</levelMax>
					<costToLevel>1</costToLevel>
				</li>
			</skills>			
		</customPower>
	</TorannMagic.TM_CustomPowerDef>

	<TorannMagic.TM_CustomPowerDef ParentName="CustomPower">
		<defName>TM_VileTransfusion</defName>	
		<customPower>	
			<forFighter>true</forFighter>
			<abilityDefs>									
				<li>TM_VileTransfusion</li>						
			</abilityDefs>
			<skills>
				<li>										
					<label></label>
					<description></description>
					<levelMax>3</levelMax>
					<costToLevel>1</costToLevel>
				</li>
			</skills>			
		</customPower>
	</TorannMagic.TM_CustomPowerDef>

	<TorannMagic.TM_CustomPowerDef ParentName="CustomPower">
		<defName>TM_Bloodletting</defName>	
		<customPower>	
			<forFighter>true</forFighter>
			<abilityDefs>									
				<li>TM_Bloodletting</li>						
			</abilityDefs>
			<skills>
				<li>										
					<label></label>
					<description></description>
					<levelMax>3</levelMax>
					<costToLevel>1</costToLevel>
				</li>
			</skills>			
		</customPower>
	</TorannMagic.TM_CustomPowerDef>

	<TorannMagic.TM_CustomPowerDef ParentName="CustomPower">
		<defName>TM_PlagueKnife</defName>	
		<customPower>	
			<forFighter>true</forFighter>
			<abilityDefs>									
				<li>TM_PlagueKnife</li>						
			</abilityDefs>
			<skills>
				<li>										
					<label></label>
					<description></description>
					<levelMax>3</levelMax>
					<costToLevel>1</costToLevel>
				</li>
			</skills>			
		</customPower>
	</TorannMagic.TM_CustomPowerDef>

	<TorannMagic.TM_CustomPowerDef ParentName="CustomPower">
		<defName>TM_GleefulButchery</defName>	
		<customPower>	
			<forFighter>true</forFighter>
			<abilityDefs>									
				<li>TM_GleefulButchery</li>						
			</abilityDefs>
			<skills>
				<li>										
					<label></label>
					<description></description>
					<levelMax>3</levelMax>
					<costToLevel>1</costToLevel>
				</li>
			</skills>			
		</customPower>
	</TorannMagic.TM_CustomPowerDef>

	<TorannMagic.TM_CustomPowerDef ParentName="CustomPower">
		<defName>TM_FetidFumes</defName>	
		<customPower>	
			<forFighter>true</forFighter>
			<abilityDefs>									
				<li>TM_FetidFumes</li>						
			</abilityDefs>
			<skills>
				<li>										
					<label></label>
					<description></description>
					<levelMax>3</levelMax>
					<costToLevel>1</costToLevel>
				</li>
			</skills>			
		</customPower>
	</TorannMagic.TM_CustomPowerDef>

	<TorannMagic.TM_CustomPowerDef ParentName="CustomPower">
		<defName>TM_ProperDisposal</defName>	
		<customPower>	
			<forFighter>true</forFighter>
			<abilityDefs>									
				<li>TM_ProperDisposal</li>						
			</abilityDefs>
			<skills>
				<li>										
					<label></label>
					<description></description>
					<levelMax>3</levelMax>
					<costToLevel>1</costToLevel>
				</li>
			</skills>			
		</customPower>
	</TorannMagic.TM_CustomPowerDef>

	<TorannMagic.TM_CustomPowerDef ParentName="CustomPower">
		<defName>TM_PsychicBarrier</defName>	
		<customPower>	
			<forFighter>true</forFighter>
			<abilityDefs>									
				<li>TM_PsychicBarrier</li>						
			</abilityDefs>
			<skills>
				<li>										
					<label></label>
					<description></description>
					<levelMax>3</levelMax>
					<costToLevel>1</costToLevel>
				</li>
			</skills>	
		</customPower>
	</TorannMagic.TM_CustomPowerDef>

	<TorannMagic.TM_CustomPowerDef ParentName="CustomPower">
		<defName>TM_CloakAndDagger</defName>
		<customPower>
			<forFighter>true</forFighter>
			<abilityDefs>
				<li>TM_CloakAndDagger</li>
			</abilityDefs>
			<skills>
				<li>										
					<label></label>
					<description></description>
					<levelMax>3</levelMax>
					<costToLevel>1</costToLevel>
				</li>
			</skills>
		</customPower>
	</TorannMagic.TM_CustomPowerDef>

	<TorannMagic.TM_CustomPowerDef ParentName="CustomPower">
		<defName>TM_CancelCloak</defName>
		<customPower>
			<forFighter>true</forFighter>
			<abilityDefs>
				<li>TM_CancelCloak</li>
			</abilityDefs>
			<skills>
				<li>										
					<label></label>
					<description></description>
					<levelMax>3</levelMax>
					<costToLevel>1</costToLevel>
				</li>
			</skills>
		</customPower>
	</TorannMagic.TM_CustomPowerDef>

	<TorannMagic.TM_CustomPowerDef ParentName="CustomPower">
		<defName>TM_GrapplingHook</defName>
		<customPower>
			<forFighter>true</forFighter>
			<abilityDefs>
				<li>TM_GrapplingHook</li>
			</abilityDefs>
			<skills>
				<li>										
					<label></label>
					<description></description>
					<levelMax>3</levelMax>
					<costToLevel>1</costToLevel>
				</li>
			</skills>
		</customPower>
	</TorannMagic.TM_CustomPowerDef>

	<TorannMagic.TM_CustomPowerDef ParentName="CustomPower">
		<defName>TM_Assassinate</defName>	
		<customPower>	
			<forFighter>true</forFighter>
			<abilityDefs>									
				<li>TM_Assassinate</li>						
			</abilityDefs>
			<skills>
				<li>										
					<label></label>
					<description></description>
					<levelMax>3</levelMax>
					<costToLevel>1</costToLevel>
				</li>
			</skills>			
		</customPower>
	</TorannMagic.TM_CustomPowerDef>

	<TorannMagic.TM_CustomPowerDef ParentName="CustomPower">
		<defName>TM_ShadowClone</defName>	
		<customPower>	
			<forMage>true</forMage>
			<abilityDefs>									
				<li>TM_ShadowClone</li>						
			</abilityDefs>
			<skills>
				<li>										
					<label></label>
					<description></description>
					<levelMax>3</levelMax>
					<costToLevel>1</costToLevel>
				</li>
			</skills>
			<chaosMageUseable>true</chaosMageUseable>			
		</customPower>
	</TorannMagic.TM_CustomPowerDef>

	<TorannMagic.TM_CustomPowerDef ParentName="CustomPower">
		<defName>TM_ShadowShuriken</defName>	
		<customPower>	
			<forMage>true</forMage>
			<abilityDefs>									
				<li>TM_ShadowShuriken</li>						
			</abilityDefs>
			<skills>
				<li>										
					<label></label>
					<description></description>
					<levelMax>3</levelMax>
					<costToLevel>1</costToLevel>
				</li>
			</skills>			
		</customPower>
	</TorannMagic.TM_CustomPowerDef>

	<TorannMagic.TM_CustomPowerDef ParentName="CustomPower">
		<defName>TM_Intent</defName>	
		<customPower>	
			<forFighter>true</forFighter>
			<abilityDefs>									
				<li>TM_Intent</li>						
			</abilityDefs>
			<skills>
				<li>										
					<label></label>
					<description></description>
					<levelMax>3</levelMax>
					<costToLevel>1</costToLevel>
				</li>
			</skills>		
		</customPower>
	</TorannMagic.TM_CustomPowerDef>

	<TorannMagic.TM_CustomPowerDef ParentName="CustomPower">
		<defName>TM_Flow</defName>
		<customPower>
			<forFighter>true</forFighter>
			<abilityDefs>
				<li>TM_Flow</li>
			</abilityDefs>
			<skills>
				<li>										
					<label></label>
					<description></description>
					<levelMax>3</levelMax>
					<costToLevel>1</costToLevel>
				</li>
			</skills>	
		</customPower>
	</TorannMagic.TM_CustomPowerDef>

	<TorannMagic.TM_CustomPowerDef ParentName="CustomPower">
		<defName>TM_LunarArc</defName>
		<customPower>
			<forFighter>true</forFighter>
			<abilityDefs>
				<li>TM_LunarArc</li>
			</abilityDefs>
			<skills>
				<li>										
					<label></label>
					<description></description>
					<levelMax>3</levelMax>
					<costToLevel>1</costToLevel>
				</li>
			</skills>	
		</customPower>
	</TorannMagic.TM_CustomPowerDef>

	<TorannMagic.TM_CustomPowerDef ParentName="CustomPower">
		<defName>TM_Yukikaze</defName>
		<customPower>
			<forFighter>true</forFighter>
			<abilityDefs>
				<li>TM_Yukikaze</li>
			</abilityDefs>
			<skills>
				<li>										
					<label></label>
					<description></description>
					<levelMax>3</levelMax>
					<costToLevel>1</costToLevel>
				</li>
			</skills>	
		</customPower>
	</TorannMagic.TM_CustomPowerDef>

	<TorannMagic.TM_CustomPowerDef ParentName="CustomPower">
		<defName>TM_DoubleTap</defName>
		<customPower>
			<forFighter>true</forFighter>
			<abilityDefs>
				<li>TM_DoubleTap</li>
			</abilityDefs>
			<skills>
				<li>										
					<label></label>
					<description></description>
					<levelMax>3</levelMax>
					<costToLevel>1</costToLevel>
				</li>
			</skills>	
		</customPower>
	</TorannMagic.TM_CustomPowerDef>

	<TorannMagic.TM_CustomPowerDef ParentName="CustomPower">
		<defName>TM_IgnitionShot</defName>
		<customPower>
			<forFighter>true</forFighter>
			<abilityDefs>
				<li>TM_IgnitionShot</li>
			</abilityDefs>
			<skills>
				<li>										
					<label></label>
					<description></description>
					<levelMax>3</levelMax>
					<costToLevel>1</costToLevel>
				</li>
			</skills>	
		</customPower>
	</TorannMagic.TM_CustomPowerDef>

	<TorannMagic.TM_CustomPowerDef ParentName="CustomPower">
		<defName>TM_FrostShot</defName>
		<customPower>
			<forFighter>true</forFighter>
			<abilityDefs>
				<li>TM_FrostShot</li>
			</abilityDefs>
			<skills>
				<li>										
					<label></label>
					<description></description>
					<levelMax>3</levelMax>
					<costToLevel>1</costToLevel>
				</li>
			</skills>	
		</customPower>
	</TorannMagic.TM_CustomPowerDef>

	<TorannMagic.TM_CustomPowerDef ParentName="CustomPower">
		<defName>TM_LightningShot</defName>
		<customPower>
			<forFighter>true</forFighter>
			<abilityDefs>
				<li>TM_LightningShotB</li>
				<li>TM_LightningShot_I</li>
				<li>TM_LightningShot_II</li>
				<li>TM_LightningShot_III</li>
			</abilityDefs>
			<skills>
				<li>										
					<label></label>
					<description></description>
					<levelMax>3</levelMax>
					<costToLevel>1</costToLevel>
				</li>
			</skills>
					<costToLevel>3</costToLevel>
		</customPower>
	</TorannMagic.TM_CustomPowerDef>

	<TorannMagic.TM_CustomPowerDef ParentName="CustomPower">
		<defName>TM_LucentShot</defName>
		<customPower>
			<forFighter>true</forFighter>
			<abilityDefs>
				<li>TM_LucentShot</li>
				<li>TM_LucentShot_I</li>
				<li>TM_LucentShot_II</li>
				<li>TM_LucentShot_III</li>
			</abilityDefs>
			<skills>
				<li>										
					<label></label>
					<description></description>
					<levelMax>3</levelMax>
					<costToLevel>1</costToLevel>
				</li>
			</skills>
					<costToLevel>2</costToLevel>	
		</customPower>
	</TorannMagic.TM_CustomPowerDef>

	<TorannMagic.TM_CustomPowerDef ParentName="CustomPower">
		<defName>TM_ExplosiveEntrance</defName>
		<customPower>
			<forFighter>true</forFighter>
			<abilityDefs>
				<li>TM_ExplosiveEntrance</li>
			</abilityDefs>
			<skills>
				<li>										
					<label></label>
					<description></description>
					<levelMax>3</levelMax>
					<costToLevel>1</costToLevel>
				</li>
			</skills>	
		</customPower>
	</TorannMagic.TM_CustomPowerDef>

	<TorannMagic.TM_CustomPowerDef ParentName="CustomPower">
		<defName>TM_Backdraft</defName>
		<customPower>
			<forFighter>true</forFighter>
			<abilityDefs>
				<li>TM_Backdraft</li>
			</abilityDefs>
			<skills>
				<li>										
					<label></label>
					<description></description>
					<levelMax>3</levelMax>
					<costToLevel>1</costToLevel>
				</li>
			</skills>	
		</customPower>
	</TorannMagic.TM_CustomPowerDef>

	<TorannMagic.TM_CustomPowerDef ParentName="CustomPower">
		<defName>TM_StrikeZone</defName>
		<customPower>
			<forFighter>true</forFighter>
			<abilityDefs>
				<li>TM_StrikeZone</li>
			</abilityDefs>
			<skills>
				<li>										
					<label></label>
					<description></description>
					<levelMax>3</levelMax>
					<costToLevel>1</costToLevel>
				</li>
			</skills>	
		</customPower>
	</TorannMagic.TM_CustomPowerDef>

	<TorannMagic.TM_CustomPowerDef ParentName="CustomPower">
		<defName>TM_InfernoBreaker</defName>
		<customPower>
			<forFighter>true</forFighter>
			<abilityDefs>
				<li>TM_InfernoBreaker</li>
			</abilityDefs>
			<skills>
				<li>										
					<label></label>
					<description></description>
					<levelMax>3</levelMax>
					<costToLevel>1</costToLevel>
				</li>
			</skills>	
		</customPower>
	</TorannMagic.TM_CustomPowerDef>

	<TorannMagic.TM_CustomPowerDef ParentName="CustomPower">
		<defName>TM_Redpoint</defName>
		<customPower>
			<forFighter>true</forFighter>
			<abilityDefs>
				<li>TM_Redpoint</li>
			</abilityDefs>
			<skills>
				<li>										
					<label></label>
					<description></description>
					<levelMax>3</levelMax>
					<costToLevel>1</costToLevel>
				</li>
			</skills>	
		</customPower>
	</TorannMagic.TM_CustomPowerDef>

	<TorannMagic.TM_CustomPowerDef ParentName="CustomPower">
		<defName>TM_BlitzCharge</defName>
		<customPower>
			<forFighter>true</forFighter>
			<abilityDefs>
				<li>TM_BlitzCharge</li>
			</abilityDefs>
			<skills>
				<li>										
					<label></label>
					<description></description>
					<levelMax>3</levelMax>
					<costToLevel>1</costToLevel>
				</li>
			</skills>	
		</customPower>
	</TorannMagic.TM_CustomPowerDef>

	<TorannMagic.TM_CustomPowerDef ParentName="CustomPower">
		<defName>TM_BlastShield</defName>
		<customPower>
			<forFighter>true</forFighter>
			<abilityDefs>
				<li>TM_BlastShield</li>
			</abilityDefs>
			<skills>
				<li>										
					<label></label>
					<description></description>
					<levelMax>3</levelMax>
					<costToLevel>1</costToLevel>
				</li>
			</skills>	
		</customPower>
	</TorannMagic.TM_CustomPowerDef>

	<TorannMagic.TM_CustomPowerDef ParentName="CustomPower">
		<defName>TM_QilinStance</defName>
		<customPower>
			<forFighter>true</forFighter>
			<abilityDefs>
				<li>TM_QilinStance</li>
			</abilityDefs>
			<skills>
				<li>										
					<label></label>
					<description></description>
					<levelMax>3</levelMax>
					<costToLevel>1</costToLevel>
				</li>
			</skills>	
		</customPower>
	</TorannMagic.TM_CustomPowerDef>

	<TorannMagic.TM_CustomPowerDef ParentName="CustomPower">
		<defName>TM_TurtleStance</defName>
		<customPower>
			<forFighter>true</forFighter>
			<abilityDefs>
				<li>TM_TurtleStance</li>
			</abilityDefs>
			<skills>
				<li>										
					<label></label>
					<description></description>
					<levelMax>3</levelMax>
					<costToLevel>1</costToLevel>
				</li>
			</skills>	
		</customPower>
	</TorannMagic.TM_CustomPowerDef>

	<TorannMagic.TM_CustomPowerDef ParentName="CustomPower">
		<defName>TM_PhoenixStance</defName>
		<customPower>
			<forFighter>true</forFighter>
			<abilityDefs>
				<li>TM_PhoenixStance</li>
			</abilityDefs>
			<skills>
				<li>										
					<label></label>
					<description></description>
					<levelMax>3</levelMax>
					<costToLevel>1</costToLevel>
				</li>
			</skills>	
		</customPower>
	</TorannMagic.TM_CustomPowerDef>

	<TorannMagic.TM_CustomPowerDef ParentName="CustomPower">
		<defName>TM_DragonStance</defName>
		<customPower>
			<forFighter>true</forFighter>
			<abilityDefs>
				<li>TM_DragonStance</li>
			</abilityDefs>
			<skills>
				<li>										
					<label></label>
					<description></description>
					<levelMax>3</levelMax>
					<costToLevel>1</costToLevel>
				</li>
			</skills>	
		</customPower>
	</TorannMagic.TM_CustomPowerDef>

	<TorannMagic.TM_CustomPowerDef ParentName="CustomPower">
		<defName>TM_AscendedStance</defName>
		<customPower>
			<forFighter>true</forFighter>
			<abilityDefs>
				<li>TM_AscendedStance</li>
			</abilityDefs>
			<skills>
				<li>										
					<label></label>
					<description></description>
					<levelMax>3</levelMax>
					<costToLevel>1</costToLevel>
				</li>
			</skills>	
		</customPower>
	</TorannMagic.TM_CustomPowerDef>

	<TorannMagic.TM_CustomPowerDef ParentName="CustomPower">
		<defName>TM_CancelStance</defName>
		<customPower>
			<forFighter>true</forFighter>
			<abilityDefs>
				<li>TM_CancelStance</li>
			</abilityDefs>
			<skills>
				<li>										
					<label></label>
					<description></description>
					<levelMax>3</levelMax>
					<costToLevel>1</costToLevel>
				</li>
			</skills>	
		</customPower>
	</TorannMagic.TM_CustomPowerDef>

	<TorannMagic.TM_CustomPowerDef ParentName="CustomPower">
		<defName>TM_Shadowstep</defName>
		<customPower>
			<forFighter>true</forFighter>
			<abilityDefs>
				<li>TM_Shadowstep</li>
			</abilityDefs>
			<skills>
				<li>										
					<label></label>
					<description></description>
					<levelMax>3</levelMax>
					<costToLevel>1</costToLevel>
				</li>
			</skills>	
		</customPower>
	</TorannMagic.TM_CustomPowerDef>

	<TorannMagic.TM_CustomPowerDef ParentName="CustomPower">
		<defName>TM_Reload</defName>
		<customPower>
			<forFighter>true</forFighter>
			<abilityDefs>
				<li>TM_Reload</li>
			</abilityDefs>
			<skills>
				<li>										
					<label></label>
					<description></description>
					<levelMax>3</levelMax>
					<costToLevel>1</costToLevel>
				</li>
			</skills>	
		</customPower>
	</TorannMagic.TM_CustomPowerDef>

	<TorannMagic.TM_CustomPowerDef ParentName="CustomPower">
		<defName>TM_Scan</defName>
		<customPower>
			<forFighter>true</forFighter>
			<abilityDefs>
				<li>TM_Scan</li>
			</abilityDefs>
			<skills>
				<li>										
					<label></label>
					<description></description>
					<levelMax>3</levelMax>
					<costToLevel>1</costToLevel>
				</li>
			</skills>	
		</customPower>
	</TorannMagic.TM_CustomPowerDef>

	<TorannMagic.TM_CustomPowerDef ParentName="CustomPower">
		<defName>TM_HydratedWater</defName>
		<customPower>
			<forFighter>true</forFighter>
			<abilityDefs>
				<li>TM_HydratedWater</li>
			</abilityDefs>
			<skills>
				<li>										
					<label></label>
					<description></description>
					<levelMax>3</levelMax>
					<costToLevel>1</costToLevel>
				</li>
			</skills>	
		</customPower>
	</TorannMagic.TM_CustomPowerDef>

	<TorannMagic.TM_CustomPowerDef ParentName="CustomPower">
		<defName>TM_PocketSand</defName>
		<customPower>
			<forFighter>true</forFighter>
			<abilityDefs>
				<li>TM_PocketSand</li>
			</abilityDefs>
			<skills>
				<li>										
					<label></label>
					<description></description>
					<levelMax>3</levelMax>
					<costToLevel>1</costToLevel>
				</li>
			</skills>	
		</customPower>
	</TorannMagic.TM_CustomPowerDef>

	<TorannMagic.TM_CustomPowerDef ParentName="CustomPower">
		<defName>TM_SpareBatteries</defName>
		<customPower>
			<forFighter>true</forFighter>
			<abilityDefs>
				<li>TM_SpareBatteries</li>
			</abilityDefs>
			<skills>
				<li>										
					<label></label>
					<description></description>
					<levelMax>3</levelMax>
					<costToLevel>1</costToLevel>
				</li>
			</skills>	
		</customPower>
	</TorannMagic.TM_CustomPowerDef>

	<TorannMagic.TM_CustomPowerDef ParentName="CustomPower">
		<defName>TM_OldHeadlight</defName>
		<customPower>
			<forFighter>true</forFighter>
			<abilityDefs>
				<li>TM_OldHeadlight</li>
			</abilityDefs>
			<skills>
				<li>										
					<label></label>
					<description></description>
					<levelMax>3</levelMax>
					<costToLevel>1</costToLevel>
				</li>
			</skills>	
		</customPower>
	</TorannMagic.TM_CustomPowerDef>

	<TorannMagic.TM_CustomPowerDef ParentName="CustomPower">
		<defName>TM_AutoSpanner</defName>
		<customPower>
			<forFighter>true</forFighter>
			<abilityDefs>
				<li>TM_AutoSpanner</li>
			</abilityDefs>
			<skills>
				<li>										
					<label></label>
					<description></description>
					<levelMax>3</levelMax>
					<costToLevel>1</costToLevel>
				</li>
			</skills>	
		</customPower>
	</TorannMagic.TM_CustomPowerDef>

	<TorannMagic.TM_CustomPowerDef ParentName="CustomPower">
		<defName>TM_MysteriousAmulet</defName>
		<customPower>
			<forFighter>true</forFighter>
			<abilityDefs>
				<li>TM_MysteriousAmulet</li>
			</abilityDefs>
			<skills>
				<li>										
					<label></label>
					<description></description>
					<levelMax>3</levelMax>
					<costToLevel>1</costToLevel>
				</li>
			</skills>	
		</customPower>
	</TorannMagic.TM_CustomPowerDef>

	<TorannMagic.TM_CustomPowerDef ParentName="CustomPower">
		<defName>TM_StickyBombs</defName>
		<customPower>
			<forFighter>true</forFighter>
			<abilityDefs>
				<li>TM_StickyBombs</li>
			</abilityDefs>
			<skills>
				<li>										
					<label></label>
					<description></description>
					<levelMax>3</levelMax>
					<costToLevel>1</costToLevel>
				</li>
			</skills>
		</customPower>
	</TorannMagic.TM_CustomPowerDef>


	<TorannMagic.TM_CustomPowerDef ParentName="CustomPower">
		<defName>TM_C45Explosives</defName>
		<customPower>
			<forFighter>true</forFighter>
			<abilityDefs>
				<li>TM_C45Explosives</li>
			</abilityDefs>
			<skills>
				<li>										
					<label></label>
					<description></description>
					<levelMax>3</levelMax>
					<costToLevel>1</costToLevel>
				</li>
			</skills>
		</customPower>
	</TorannMagic.TM_CustomPowerDef>


	<TorannMagic.TM_CustomPowerDef ParentName="CustomPower">
		<defName>TM_TimedCharge</defName>
		<customPower>
			<forFighter>true</forFighter>
			<abilityDefs>
				<li>TM_TimedCharge</li>
			</abilityDefs>
			<skills>
				<li>										
					<label></label>
					<description></description>
					<levelMax>3</levelMax>
					<costToLevel>1</costToLevel>
				</li>
			</skills>
		</customPower>
	</TorannMagic.TM_CustomPowerDef>

	<TorannMagic.TM_CustomPowerDef ParentName="CustomPower">
		<defName>TM_Flashbang</defName>
		<customPower>
			<forFighter>true</forFighter>
			<abilityDefs>
				<li>TM_Flashbang</li>
			</abilityDefs>
			<skills>
				<li>										
					<label></label>
					<description></description>
					<levelMax>3</levelMax>
					<costToLevel>1</costToLevel>
				</li>
			</skills>
		</customPower>
	</TorannMagic.TM_CustomPowerDef>

	<TorannMagic.TM_CustomPowerDef ParentName="CustomPower">
		<defName>TM_CloakingDevice</defName>	
		<customPower>	
			<forFighter>true</forFighter>
			<abilityDefs>									
				<li>TM_CloakingDevice</li>						
			</abilityDefs>
			<skills>
				<li>										
					<label></label>
					<description></description>
					<levelMax>3</levelMax>
					<costToLevel>1</costToLevel>
				</li>
			</skills>	
		</customPower>
	</TorannMagic.TM_CustomPowerDef>

	<TorannMagic.TM_CustomPowerDef ParentName="CustomPower">
		<defName>TM_BangedUpHeater</defName>
		<customPower>
			<forFighter>true</forFighter>
			<abilityDefs>
				<li>TM_BangedUpHeater</li>
			</abilityDefs>
			<skills>
				<li>										
					<label></label>
					<description></description>
					<levelMax>3</levelMax>
					<costToLevel>1</costToLevel>
				</li>
			</skills>	
		</customPower>
	</TorannMagic.TM_CustomPowerDef>

	<TorannMagic.TM_CustomPowerDef ParentName="CustomPower">
		<defName>TM_RustyACUnit</defName>
		<customPower>
			<forFighter>true</forFighter>
			<abilityDefs>
				<li>TM_RustyACUnit</li>
			</abilityDefs>
			<skills>
				<li>										
					<label></label>
					<description></description>
					<levelMax>3</levelMax>
					<costToLevel>1</costToLevel>
				</li>
			</skills>	
		</customPower>
	</TorannMagic.TM_CustomPowerDef>

	<TorannMagic.TM_CustomPowerDef ParentName="CustomPower">
		<defName>TM_FloatingLamp</defName>
		<customPower>
			<forFighter>true</forFighter>
			<abilityDefs>
				<li>TM_FloatingLamp</li>
			</abilityDefs>
			<skills>
				<li>										
					<label></label>
					<description></description>
					<levelMax>3</levelMax>
					<costToLevel>1</costToLevel>
				</li>
			</skills>	
		</customPower>
	</TorannMagic.TM_CustomPowerDef>

	<TorannMagic.TM_CustomPowerDef ParentName="CustomPower">
		<defName>TM_PocketExtinguisher</defName>
		<customPower>
			<forFighter>true</forFighter>
			<abilityDefs>
				<li>TM_PocketExtinguisher</li>
			</abilityDefs>
			<skills>
				<li>										
					<label></label>
					<description></description>
					<levelMax>3</levelMax>
					<costToLevel>1</costToLevel>
				</li>
			</skills>	
		</customPower>
	</TorannMagic.TM_CustomPowerDef>

	<TorannMagic.TM_CustomPowerDef ParentName="CustomPower">
		<defName>TM_GiantMagnifyingGlass</defName>
		<customPower>
			<forFighter>true</forFighter>
			<abilityDefs>
				<li>TM_GiantMagnifyingGlass</li>
			</abilityDefs>
			<skills>
				<li>										
					<label></label>
					<description></description>
					<levelMax>3</levelMax>
					<costToLevel>1</costToLevel>
				</li>
			</skills>	
		</customPower>
	</TorannMagic.TM_CustomPowerDef>

	<TorannMagic.TM_CustomPowerDef ParentName="CustomPower">
		<defName>TM_ScratchyGramophone</defName>
		<customPower>
			<forFighter>true</forFighter>
			<abilityDefs>
				<li>TM_ScratchyGramophone</li>
			</abilityDefs>
			<skills>
				<li>										
					<label></label>
					<description></description>
					<levelMax>3</levelMax>
					<costToLevel>1</costToLevel>
				</li>
			</skills>	
		</customPower>
	</TorannMagic.TM_CustomPowerDef>

	<TorannMagic.TM_CustomPowerDef ParentName="CustomPower">
		<defName>TM_BrokenStopwatch</defName>
		<customPower>
			<forFighter>true</forFighter>
			<abilityDefs>
				<li>TM_BrokenStopwatch</li>
			</abilityDefs>
			<skills>
				<li>										
					<label></label>
					<description></description>
					<levelMax>3</levelMax>
					<costToLevel>1</costToLevel>
				</li>
			</skills>	
		</customPower>
	</TorannMagic.TM_CustomPowerDef>

	<TorannMagic.TM_CustomPowerDef ParentName="CustomPower">
		<defName>TM_RocketBoots</defName>
		<customPower>
			<forFighter>true</forFighter>
			<abilityDefs>
				<li>TM_RocketBoots</li>
			</abilityDefs>
			<skills>
				<li>										
					<label></label>
					<description></description>
					<levelMax>3</levelMax>
					<costToLevel>1</costToLevel>
				</li>
			</skills>	
		</customPower>
	</TorannMagic.TM_CustomPowerDef>

	<TorannMagic.TM_CustomPowerDef ParentName="CustomPower">
		<defName>TM_DisposableGoggles</defName>
		<customPower>
			<forFighter>true</forFighter>
			<abilityDefs>
				<li>TM_DisposableGoggles</li>
			</abilityDefs>
			<skills>
				<li>										
					<label></label>
					<description></description>
					<levelMax>3</levelMax>
					<costToLevel>1</costToLevel>
				</li>
			</skills>	
		</customPower>
	</TorannMagic.TM_CustomPowerDef>

	<TorannMagic.TM_CustomPowerDef ParentName="CustomPower">
		<defName>TM_InflatableWall</defName>
		<customPower>
			<forFighter>true</forFighter>
			<abilityDefs>
				<li>TM_InflatableWall</li>
			</abilityDefs>
			<skills>
				<li>										
					<label></label>
					<description></description>
					<levelMax>3</levelMax>
					<costToLevel>1</costToLevel>
				</li>
			</skills>	
		</customPower>
	</TorannMagic.TM_CustomPowerDef>

	<TorannMagic.TM_CustomPowerDef ParentName="CustomPower">
		<defName>TM_BiotechBrambles</defName>
		<customPower>
			<forFighter>true</forFighter>
			<abilityDefs>
				<li>TM_BiotechBrambles</li>
			</abilityDefs>
			<skills>
				<li>										
					<label></label>
					<description></description>
					<levelMax>3</levelMax>
					<costToLevel>1</costToLevel>
				</li>
			</skills>	
		</customPower>
	</TorannMagic.TM_CustomPowerDef>

	<TorannMagic.TM_CustomPowerDef ParentName="CustomPower">
		<defName>TM_Jetpack</defName>
		<customPower>
			<forFighter>true</forFighter>
			<abilityDefs>
				<li>TM_Jetpack</li>
			</abilityDefs>
			<skills>
				<li>										
					<label></label>
					<description></description>
					<levelMax>3</levelMax>
					<costToLevel>1</costToLevel>
				</li>
			</skills>	
		</customPower>
	</TorannMagic.TM_CustomPowerDef>

	<TorannMagic.TM_CustomPowerDef ParentName="CustomPower">
		<defName>TM_FertileTest</defName>
		<customPower>
			<forFighter>true</forFighter>
			<abilityDefs>
				<li>TM_FertileTest</li>
			</abilityDefs>
			<skills>
				<li>										
					<label></label>
					<description></description>
					<levelMax>3</levelMax>
					<costToLevel>1</costToLevel>
				</li>
			</skills>	
		</customPower>
	</TorannMagic.TM_CustomPowerDef>

	<TorannMagic.TM_CustomPowerDef ParentName="CustomPower">
		<defName>TM_SpareBattery</defName>
		<customPower>
			<forFighter>true</forFighter>
			<abilityDefs>
				<li>TM_SpareBattery</li>
			</abilityDefs>
			<skills>
				<li>										
					<label></label>
					<description></description>
					<levelMax>3</levelMax>
					<costToLevel>1</costToLevel>
				</li>
			</skills>	
		</customPower>
	</TorannMagic.TM_CustomPowerDef>

	<TorannMagic.TM_CustomPowerDef ParentName="CustomPower">
		<defName>TM_HaywireSnowmaker</defName>
		<customPower>
			<forFighter>true</forFighter>
			<abilityDefs>
				<li>TM_HaywireSnowmaker</li>
			</abilityDefs>
			<skills>
				<li>										
					<label></label>
					<description></description>
					<levelMax>3</levelMax>
					<costToLevel>1</costToLevel>
				</li>
			</skills>	
		</customPower>
	</TorannMagic.TM_CustomPowerDef>

	<TorannMagic.TM_CustomPowerDef ParentName="CustomPower">
		<defName>TM_GiantMagnet</defName>
		<customPower>
			<forFighter>true</forFighter>
			<abilityDefs>
				<li>TM_GiantMagnet</li>
			</abilityDefs>
			<skills>
				<li>										
					<label></label>
					<description></description>
					<levelMax>3</levelMax>
					<costToLevel>1</costToLevel>
				</li>
			</skills>	
		</customPower>
	</TorannMagic.TM_CustomPowerDef>

	<TorannMagic.TM_CustomPowerDef ParentName="CustomPower">
		<defName>TM_Taser</defName>
		<customPower>
			<forFighter>true</forFighter>
			<abilityDefs>
				<li>TM_Taser</li>
			</abilityDefs>
			<skills>
				<li>										
					<label></label>
					<description></description>
					<levelMax>3</levelMax>
					<costToLevel>1</costToLevel>
				</li>
			</skills>	
		</customPower>
	</TorannMagic.TM_CustomPowerDef>

	<TorannMagic.TM_CustomPowerDef ParentName="CustomPower">
		<defName>TM_Silence</defName>
		<customPower>
			<forFighter>true</forFighter>
			<abilityDefs>
				<li>TM_HediffTest1</li>
			</abilityDefs>
			<skills>
				<li>										
					<label></label>
					<description></description>
					<levelMax>3</levelMax>
					<costToLevel>1</costToLevel>
				</li>
			</skills>	
		</customPower>
	</TorannMagic.TM_CustomPowerDef>

	<TorannMagic.TM_CustomPowerDef ParentName="CustomPower">
		<defName>TM_FireArrow</defName>
		<customPower>
			<forFighter>true</forFighter>
			<abilityDefs>
				<li>TM_FireArrow</li>
			</abilityDefs>
			<skills>
				<li>										
					<label></label>
					<description></description>
					<levelMax>3</levelMax>
					<costToLevel>1</costToLevel>
				</li>
			</skills>	
		</customPower>
	</TorannMagic.TM_CustomPowerDef>

	<TorannMagic.TM_CustomPowerDef ParentName="CustomPower">
		<defName>TM_DisruptingBurst</defName>
		<customPower>
			<forFighter>true</forFighter>
			<abilityDefs>
				<li>TM_DisruptingBurst</li>
			</abilityDefs>
			<skills>
				<li>										
					<label></label>
					<description></description>
					<levelMax>3</levelMax>
					<costToLevel>1</costToLevel>
				</li>
			</skills>	
		</customPower>
	</TorannMagic.TM_CustomPowerDef>

	<TorannMagic.TM_CustomPowerDef ParentName="CustomPower">
		<defName>TM_Dispel</defName>	
		<customPower>	
			<forMage>true</forMage>
			<abilityDefs>									
				<li>TM_Dispel</li>						
			</abilityDefs>
			<skills>
				<li>										
					<label></label>
					<description></description>
					<levelMax>3</levelMax>
					<costToLevel>1</costToLevel>
				</li>
			</skills>
			<chaosMageUseable>true</chaosMageUseable>		
		</customPower>
	</TorannMagic.TM_CustomPowerDef>

	<TorannMagic.TM_CustomPowerDef ParentName="CustomPower">
		<defName>TM_FastHeal</defName>	
		<customPower>	
			<forMage>true</forMage>
			<abilityDefs>									
				<li>TM_FastHeal</li>						
			</abilityDefs>
			<skills>
				<li>										
					<label></label>
					<description></description>
					<levelMax>3</levelMax>
					<costToLevel>1</costToLevel>
				</li>
			</skills>
			<chaosMageUseable>true</chaosMageUseable>		
		</customPower>
	</TorannMagic.TM_CustomPowerDef>

	<TorannMagic.TM_CustomPowerDef ParentName="CustomPower">
		<defName>TM_Protect</defName>	
		<customPower>	
			<forMage>true</forMage>
			<abilityDefs>									
				<li>TM_Protect</li>						
			</abilityDefs>
			<skills>
				<li>										
					<label></label>
					<description></description>
					<levelMax>3</levelMax>
					<costToLevel>1</costToLevel>
				</li>
			</skills>	
		</customPower>
	</TorannMagic.TM_CustomPowerDef>

	<TorannMagic.TM_CustomPowerDef ParentName="CustomPower">
		<defName>TM_Sap</defName>	
		<customPower>	
			<forMage>true</forMage>
			<abilityDefs>									
				<li>TM_Sap</li>						
			</abilityDefs>
			<skills>
				<li>										
					<label></label>
					<description></description>
					<levelMax>3</levelMax>
					<costToLevel>1</costToLevel>
				</li>
			</skills>		
		</customPower>
	</TorannMagic.TM_CustomPowerDef>

	<TorannMagic.TM_CustomPowerDef ParentName="CustomPower">
		<defName>TM_LumenShot</defName>
		<customPower>
			<forMage>true</forMage>
			<abilityDefs>
				<li>TM_LumenShot</li>
			</abilityDefs>
			<skills>
				<li>										
					<label></label>
					<description></description>
					<levelMax>3</levelMax>
					<costToLevel>1</costToLevel>
				</li>
			</skills>
		</customPower>
	</TorannMagic.TM_CustomPowerDef>

	<TorannMagic.TM_CustomPowerDef ParentName="CustomPower">
		<defName>TM_MindShock</defName>	
		<customPower>	
			<forMage>true</forMage>
			<abilityDefs>									
				<li>TM_MindShock</li>			
			</abilityDefs>
			<skills>
				<li>										
					<label></label>
					<description></description>
					<levelMax>3</levelMax>
					<costToLevel>1</costToLevel>
				</li>
			</skills>			
		</customPower>
	</TorannMagic.TM_CustomPowerDef>

	<TorannMagic.TM_CustomPowerDef ParentName="CustomPower">
		<defName>TM_GreaterDispel</defName>	
		<customPower>	
			<forMage>true</forMage>
			<abilityDefs>									
				<li>TM_GreaterDispel</li>						
			</abilityDefs>
			<skills>
				<li>										
					<label></label>
					<description></description>
					<levelMax>3</levelMax>
					<costToLevel>1</costToLevel>
				</li>
			</skills>	
		</customPower>
	</TorannMagic.TM_CustomPowerDef>

	<TorannMagic.TM_CustomPowerDef ParentName="CustomPower">
		<defName>TM_Cleanse</defName>	
		<customPower>	
			<forMage>true</forMage>
			<abilityDefs>									
				<li>TM_Cleanse</li>						
			</abilityDefs>
			<skills>
				<li>										
					<label></label>
					<description></description>
					<levelMax>3</levelMax>
					<costToLevel>1</costToLevel>
				</li>
			</skills>		
		</customPower>
	</TorannMagic.TM_CustomPowerDef>

	<TorannMagic.TM_CustomPowerDef ParentName="CustomPower">
		<defName>TM_Channeling</defName>
		<customPower>
			<forFighter>true</forFighter>
			<abilityDefs>
				<li>TM_Channeling</li>
			</abilityDefs>
			<skills>
				<li>										
					<label></label>
					<description></description>
					<levelMax>3</levelMax>
					<costToLevel>1</costToLevel>
				</li>
			</skills>	
		</customPower>
	</TorannMagic.TM_CustomPowerDef>

	<TorannMagic.TM_CustomPowerDef ParentName="CustomPower">
		<defName>TM_ParryingStance</defName>
		<customPower>
			<forFighter>true</forFighter>
			<abilityDefs>
				<li>TM_ParryingStance</li>
			</abilityDefs>
			<skills>
				<li>										
					<label></label>
					<description></description>
					<levelMax>3</levelMax>
					<costToLevel>1</costToLevel>
				</li>
			</skills>	
		</customPower>
	</TorannMagic.TM_CustomPowerDef>

	<TorannMagic.TM_CustomPowerDef ParentName="CustomPower">
		<defName>TM_Coupe</defName>
		<customPower>
			<forFighter>true</forFighter>
			<abilityDefs>
				<li>TM_Coupe</li>
			</abilityDefs>
			<skills>
				<li>										
					<label></label>
					<description></description>
					<levelMax>3</levelMax>
					<costToLevel>1</costToLevel>
				</li>
			</skills>	
		</customPower>
	</TorannMagic.TM_CustomPowerDef>

	<TorannMagic.TM_CustomPowerDef ParentName="CustomPower">
		<defName>TM_Fleche</defName>
		<customPower>
			<forFighter>true</forFighter>
			<abilityDefs>
				<li>TM_Fleche</li>
			</abilityDefs>
			<skills>
				<li>										
					<label></label>
					<description></description>
					<levelMax>3</levelMax>
					<costToLevel>1</costToLevel>
				</li>
			</skills>	
		</customPower>
	</TorannMagic.TM_CustomPowerDef>

	<TorannMagic.TM_CustomPowerDef ParentName="CustomPower">
		<defName>TM_Engagement</defName>
		<customPower>
			<forFighter>true</forFighter>
			<abilityDefs>
				<li>TM_Engagement</li>
			</abilityDefs>
			<skills>
				<li>										
					<label></label>
					<description></description>
					<levelMax>3</levelMax>
					<costToLevel>1</costToLevel>
				</li>
			</skills>	
		</customPower>
	</TorannMagic.TM_CustomPowerDef>

	<TorannMagic.TM_CustomPowerDef ParentName="CustomPower">
		<defName>TM_NullZone</defName>
		<customPower>
			<forMage>true</forMage>
			<abilityDefs>
				<li>TM_NullZone</li>
			</abilityDefs>
			<skills>
				<li>										
					<label></label>
					<description></description>
					<levelMax>3</levelMax>
					<costToLevel>1</costToLevel>
				</li>
			</skills>	
		</customPower>
	</TorannMagic.TM_CustomPowerDef>

	<TorannMagic.TM_CustomPowerDef ParentName="CustomPower">
		<defName>TM_JaggedStrike</defName>
		<customPower>
			<forFighter>true</forFighter>
			<abilityDefs>
				<li>TM_ImpalingStrike</li>
			</abilityDefs>
			<skills>
				<li>										
					<label></label>
					<description></description>
					<levelMax>3</levelMax>
					<costToLevel>1</costToLevel>
				</li>
			</skills>	
		</customPower>
	</TorannMagic.TM_CustomPowerDef>

	<TorannMagic.TM_CustomPowerDef ParentName="CustomPower">
		<defName>TM_VenomStrike</defName>
		<customPower>
			<forFighter>true</forFighter>
			<abilityDefs>
				<li>TM_VenomStrike</li>
			</abilityDefs>
			<skills>
				<li>										
					<label></label>
					<description></description>
					<levelMax>3</levelMax>
					<costToLevel>1</costToLevel>
				</li>
			</skills>	
		</customPower>
	</TorannMagic.TM_CustomPowerDef>

	<TorannMagic.TM_CustomPowerDef ParentName="CustomPower">
		<defName>TM_DarkFlight</defName>
		<customPower>
			<forMage>true</forMage>
			<abilityDefs>
				<li>TM_DarkFlight</li>
			</abilityDefs>
			<skills>
				<li>										
					<label></label>
					<description></description>
					<levelMax>3</levelMax>
					<costToLevel>1</costToLevel>
				</li>
			</skills>
		</customPower>
	</TorannMagic.TM_CustomPowerDef>

	<TorannMagic.TM_CustomPowerDef ParentName="CustomPower">
		<defName>TM_AdvancedFlight</defName>
		<customPower>
			<forMage>true</forMage>
			<abilityDefs>
				<li>TM_AdvancedFlight</li>
			</abilityDefs>
			<skills>
				<li>										
					<label></label>
					<description></description>
					<levelMax>3</levelMax>
					<costToLevel>1</costToLevel>
				</li>
			</skills>
		</customPower>
	</TorannMagic.TM_CustomPowerDef>

	<TorannMagic.TM_CustomPowerDef ParentName="CustomPower">
		<defName>TM_Stifle</defName>
		<customPower>
			<forMage>true</forMage>
			<abilityDefs>
				<li>TM_Stifle</li>
			</abilityDefs>
			<skills>
				<li>										
					<label></label>
					<description></description>
					<levelMax>3</levelMax>
					<costToLevel>1</costToLevel>
				</li>
			</skills>
			<chaosMageUseable>true</chaosMageUseable>
		</customPower>
	</TorannMagic.TM_CustomPowerDef>

	<TorannMagic.TM_CustomPowerDef ParentName="CustomPower">
		<defName>TM_Updraft</defName>
		<customPower>
			<forMage>true</forMage>
			<abilityDefs>
				<li>TM_Updraft</li>
			</abilityDefs>
			<skills>
				<li>										
					<label></label>
					<description></description>
					<levelMax>3</levelMax>
					<costToLevel>1</costToLevel>
				</li>
			</skills>
			<chaosMageUseable>true</chaosMageUseable>
		</customPower>
	</TorannMagic.TM_CustomPowerDef>

	<TorannMagic.TM_CustomPowerDef ParentName="CustomPower">
		<defName>TM_Windstep</defName>
		<customPower>
			<forMage>true</forMage>
			<abilityDefs>
				<li>TM_Windstep</li>
			</abilityDefs>
			<skills>
				<li>										
					<label></label>
					<description></description>
					<levelMax>3</levelMax>
					<costToLevel>1</costToLevel>
				</li>
			</skills>
			<chaosMageUseable>true</chaosMageUseable>
		</customPower>
	</TorannMagic.TM_CustomPowerDef>

	<TorannMagic.TM_CustomPowerDef ParentName="CustomPower">
		<defName>TM_Gale</defName>
		<customPower>
			<forMage>true</forMage>
			<abilityDefs>
				<li>TM_Gale</li>
			</abilityDefs>
			<skills>
				<li>										
					<label></label>
					<description></description>
					<levelMax>3</levelMax>
					<costToLevel>1</costToLevel>
				</li>
			</skills>				
			<learnCost>6</learnCost>
		</customPower>
	</TorannMagic.TM_CustomPowerDef>

	<TorannMagic.TM_CustomPowerDef ParentName="CustomPower">
		<defName>TM_FeyWinds</defName>
		<customPower>
			<forMage>true</forMage>
			<abilityDefs>
				<li>TM_FeyWinds</li>
			</abilityDefs>
			<skills>
				<li>										
					<label></label>
					<description></description>
					<levelMax>3</levelMax>
					<costToLevel>1</costToLevel>
				</li>
			</skills>
			<learnCost>6</learnCost>
		</customPower>
	</TorannMagic.TM_CustomPowerDef>

	<TorannMagic.TM_CustomPowerDef ParentName="CustomPower">
		<defName>TM_PutridBile</defName>
		<customPower>
			<forMage>true</forMage>
			<abilityDefs>
				<li>TM_PutridBile</li>
			</abilityDefs>
			<skills>
				<li>										
					<label></label>
					<description></description>
					<levelMax>3</levelMax>
					<costToLevel>1</costToLevel>
				</li>
			</skills>
			<chaosMageUseable>true</chaosMageUseable>
		</customPower>
	</TorannMagic.TM_CustomPowerDef>

	<TorannMagic.TM_CustomPowerDef ParentName="CustomPower">
		<defName>TM_ShadowFetters</defName>
		<customPower>
			<forMage>true</forMage>
			<abilityDefs>
				<li>TM_ShadowFetters</li>
			</abilityDefs>
			<skills>
				<li>										
					<label></label>
					<description></description>
					<levelMax>3</levelMax>
					<costToLevel>1</costToLevel>
				</li>
			</skills>
			<chaosMageUseable>true</chaosMageUseable>	
		</customPower>
	</TorannMagic.TM_CustomPowerDef>

	<TorannMagic.TM_CustomPowerDef ParentName="CustomPower">
		<defName>TM_Paranoia</defName>
		<customPower>
			<forMage>true</forMage>
			<abilityDefs>
				<li>TM_Paranoia</li>
			</abilityDefs>
			<skills>
				<li>										
					<label></label>
					<description></description>
					<levelMax>3</levelMax>
					<costToLevel>1</costToLevel>
				</li>
			</skills>
			<chaosMageUseable>true</chaosMageUseable>	
		</customPower>
	</TorannMagic.TM_CustomPowerDef>

	<TorannMagic.TM_CustomPowerDef ParentName="CustomPower">
		<defName>TM_BloodCurse</defName>
		<customPower>
			<forMage>true</forMage>
			<abilityDefs>
				<li>TM_BloodCurse</li>
			</abilityDefs>
			<skills>
				<li>										
					<label></label>
					<description></description>
					<levelMax>3</levelMax>
					<costToLevel>1</costToLevel>
				</li>
			</skills>
			<chaosMageUseable>true</chaosMageUseable>	
		</customPower>
	</TorannMagic.TM_CustomPowerDef>

	<TorannMagic.TM_CustomPowerDef ParentName="CustomPower">
		<defName>TM_RendSoul</defName>
		<customPower>
			<forMage>true</forMage>
			<abilityDefs>
				<li>TM_RendSoul</li>
			</abilityDefs>
			<skills>
				<li>										
					<label></label>
					<description></description>
					<levelMax>3</levelMax>
					<costToLevel>1</costToLevel>
				</li>
			</skills>	
		</customPower>
	</TorannMagic.TM_CustomPowerDef>

	<TorannMagic.TM_CustomPowerDef ParentName="CustomPower">
		<defName>TM_WailOfDoom</defName>
		<customPower>
			<forMage>true</forMage>
			<abilityDefs>
				<li>TM_WailOfDoom</li>
			</abilityDefs>
			<skills>
				<li>										
					<label></label>
					<description></description>
					<levelMax>3</levelMax>
					<costToLevel>1</costToLevel>
				</li>
			</skills>
			<learnCost>8</learnCost>	
		</customPower>
	</TorannMagic.TM_CustomPowerDef>

	<TorannMagic.TM_CustomPowerDef ParentName="CustomPower">
		<defName>TM_Gust</defName>
		<customPower>
			<forMage>true</forMage>
			<abilityDefs>
				<li>TM_Gust</li>
			</abilityDefs>
			<skills>
				<li>										
					<label></label>
					<description></description>
					<levelMax>3</levelMax>
					<costToLevel>1</costToLevel>
				</li>
			</skills>
			<chaosMageUseable>true</chaosMageUseable>
		</customPower>
	</TorannMagic.TM_CustomPowerDef>

	<TorannMagic.TM_CustomPowerDef ParentName="CustomPower">
		<defName>TM_ZealousDevotion</defName>
		<customPower>
			<forMage>true</forMage>
			<abilityDefs>
				<li>TM_ZealousDevotion</li>
			</abilityDefs>
			<skills>
				<li>										
					<label></label>
					<description></description>
					<levelMax>3</levelMax>
					<costToLevel>1</costToLevel>
				</li>
			</skills>
		</customPower>
	</TorannMagic.TM_CustomPowerDef>

	<TorannMagic.TM_CustomPowerDef ParentName="CustomPower">
		<defName>TM_BlindFaith</defName>
		<customPower>
			<forMage>true</forMage>
			<abilityDefs>
				<li>TM_BlindFaith</li>
			</abilityDefs>
			<skills>
				<li>										
					<label></label>
					<description></description>
					<levelMax>3</levelMax>
					<costToLevel>1</costToLevel>
				</li>
			</skills>
		</customPower>
	</TorannMagic.TM_CustomPowerDef>

	<TorannMagic.TM_CustomPowerDef ParentName="CustomPower">
		<defName>TM_Thunderbolt</defName>
		<customPower>
			<forMage>true</forMage>
			<abilityDefs>
				<li>TM_Thunderbolt</li>
			</abilityDefs>
			<skills>
				<li>										
					<label></label>
					<description></description>
					<levelMax>3</levelMax>
					<costToLevel>1</costToLevel>
				</li>
			</skills>
		</customPower>
	</TorannMagic.TM_CustomPowerDef>

	<TorannMagic.TM_CustomPowerDef ParentName="CustomPower">
		<defName>TM_ManaMine</defName>
		<customPower>
			<forMage>true</forMage>
			<abilityDefs>
				<li>TM_ManaMine</li>
			</abilityDefs>
			<skills>
				<li>										
					<label></label>
					<description></description>
					<levelMax>3</levelMax>
					<costToLevel>1</costToLevel>
				</li>
			</skills>
		</customPower>
	</TorannMagic.TM_CustomPowerDef>

	<TorannMagic.TM_CustomPowerDef ParentName="CustomPower">
		<defName>TM_TestF1</defName>
		<customPower>
			<forFighter>true</forFighter>
			<abilityDefs>
				<li>TM_TestF1</li>
			</abilityDefs>
			<skills>
				<li>										
					<label></label>
					<description></description>
					<levelMax>3</levelMax>
					<costToLevel>1</costToLevel>
				</li>
			</skills>
		</customPower>
	</TorannMagic.TM_CustomPowerDef>

	<TorannMagic.TM_CustomPowerDef ParentName="CustomPower">
		<defName>TM_TestF2</defName>
		<customPower>
			<forFighter>true</forFighter>
			<abilityDefs>
				<li>TM_TestF2</li>
			</abilityDefs>
			<skills>
				<li>										
					<label></label>
					<description></description>
					<levelMax>3</levelMax>
					<costToLevel>1</costToLevel>
				</li>
			</skills>
		</customPower>
	</TorannMagic.TM_CustomPowerDef>

	<TorannMagic.TM_CustomPowerDef ParentName="CustomPower">
		<defName>TM_TestM1</defName>
		<customPower>
			<forMage>true</forMage>
			<abilityDefs>
				<li>TM_TestM1</li>
			</abilityDefs>
			<skills>
				<li>										
					<label></label>
					<description></description>
					<levelMax>3</levelMax>
					<costToLevel>1</costToLevel>
				</li>
			</skills>
		</customPower>
	</TorannMagic.TM_CustomPowerDef>

	<TorannMagic.TM_CustomPowerDef ParentName="CustomPower">
		<defName>TM_TestM2</defName>
		<customPower>
			<forMage>true</forMage>
			<abilityDefs>
				<li>TM_TestM2</li>
			</abilityDefs>
			<skills>
				<li>										
					<label></label>
					<description></description>
					<levelMax>3</levelMax>
					<costToLevel>1</costToLevel>
				</li>
			</skills>
		</customPower>
	</TorannMagic.TM_CustomPowerDef>

	<TorannMagic.TM_CustomPowerDef ParentName="CustomPower">
		<defName>TM_MindBlast</defName>
		<customPower>
			<forMage>true</forMage>
			<abilityDefs>
				<li>TM_MindBlast</li>
			</abilityDefs>
			<skills>
				<li>										
					<label></label>
					<description></description>
					<levelMax>3</levelMax>
					<costToLevel>1</costToLevel>
				</li>
			</skills>
		</customPower>
	</TorannMagic.TM_CustomPowerDef>

	<TorannMagic.TM_CustomPowerDef ParentName="CustomPower">
		<defName>TM_Beckon</defName>
		<customPower>
			<forMage>true</forMage>
			<abilityDefs>
				<li>TM_Beckon</li>
			</abilityDefs>
			<skills>
				<li>										
					<label></label>
					<description></description>
					<levelMax>3</levelMax>
					<costToLevel>1</costToLevel>
				</li>
			</skills>
		</customPower>
	</TorannMagic.TM_CustomPowerDef>

	<TorannMagic.TM_CustomPowerDef ParentName="CustomPower">
		<defName>TM_OmniShield</defName>
		<customPower>
			<forMage>true</forMage>
			<abilityDefs>
				<li>TM_OmniShield</li>
			</abilityDefs>
			<skills>
				<li>										
					<label></label>
					<description></description>
					<levelMax>3</levelMax>
					<costToLevel>1</costToLevel>
				</li>
			</skills>
		</customPower>
	</TorannMagic.TM_CustomPowerDef>

	<TorannMagic.TM_CustomPowerDef ParentName="CustomPower">
		<defName>TM_Cloudburst</defName>
		<customPower>
			<forMage>true</forMage>
			<abilityDefs>
				<li>TM_Cloudburst</li>
			</abilityDefs>
			<skills>
				<li>										
					<label></label>
					<description></description>
					<levelMax>3</levelMax>
					<costToLevel>1</costToLevel>
				</li>
			</skills>
		</customPower>
	</TorannMagic.TM_CustomPowerDef>

	<TorannMagic.TM_CustomPowerDef ParentName="CustomPower">
		<defName>TM_Cataclysm</defName>
		<customPower>
			<forMage>true</forMage>
			<abilityDefs>
				<li>TM_Cataclysm</li>
			</abilityDefs>
			<skills>
				<li>										
					<label></label>
					<description></description>
					<levelMax>3</levelMax>
					<costToLevel>1</costToLevel>
				</li>
			</skills>
		</customPower>
	</TorannMagic.TM_CustomPowerDef>

	<TorannMagic.TM_CustomPowerDef ParentName="CustomPower">
		<defName>TM_Whiteout</defName>
		<customPower>
			<forMage>true</forMage>
			<abilityDefs>
				<li>TM_Whiteout</li>
			</abilityDefs>
			<skills>
				<li>										
					<label></label>
					<description></description>
					<levelMax>3</levelMax>
					<costToLevel>1</costToLevel>
				</li>
			</skills>
		</customPower>
	</TorannMagic.TM_CustomPowerDef>

	<TorannMagic.TM_CustomPowerDef ParentName="CustomPower">
		<defName>TM_ChantOfArchmage</defName>
		<customPower>
			<forMage>true</forMage>
			<abilityDefs>
				<li>TM_ChantOfArchmage</li>
			</abilityDefs>
			<skills>
				<li>										
					<label></label>
					<description></description>
					<levelMax>3</levelMax>
					<costToLevel>1</costToLevel>
				</li>
			</skills>
		</customPower>
	</TorannMagic.TM_CustomPowerDef>

	<TorannMagic.TM_CustomPowerDef ParentName="CustomPower">
		<defName>TM_VerdantTraversal</defName>
		<customPower>
			<forMage>true</forMage>
			<abilityDefs>
				<li>TM_VerdantTraversal</li>
			</abilityDefs>
			<skills>
				<li>										
					<label></label>
					<description></description>
					<levelMax>3</levelMax>
					<costToLevel>1</costToLevel>
				</li>
			</skills>
		</customPower>
	</TorannMagic.TM_CustomPowerDef>

	<TorannMagic.TM_CustomPowerDef ParentName="CustomPower">
		<defName>TM_ElementalOrigin</defName>
		<customPower>
			<forMage>true</forMage>
			<abilityDefs>
				<li>TM_ElementalOrigin</li>
			</abilityDefs>
			<skills>
				<li>										
					<label></label>
					<description></description>
					<levelMax>3</levelMax>
					<costToLevel>1</costToLevel>
				</li>
			</skills>
		</customPower>
	</TorannMagic.TM_CustomPowerDef>

	<TorannMagic.TM_CustomPowerDef ParentName="CustomPower">
		<defName>TM_Healberry</defName>
		<customPower>
			<forMage>true</forMage>
			<abilityDefs>
				<li>TM_Healberry</li>
			</abilityDefs>
			<skills>
				<li>										
					<label></label>
					<description></description>
					<levelMax>3</levelMax>
					<costToLevel>1</costToLevel>
				</li>
			</skills>
		</customPower>
	</TorannMagic.TM_CustomPowerDef>

	<TorannMagic.TM_CustomPowerDef ParentName="CustomPower">
		<defName>TM_Honeytrap</defName>
		<customPower>
			<forMage>true</forMage>
			<abilityDefs>
				<li>TM_Honeytrap</li>
			</abilityDefs>
			<skills>
				<li>										
					<label></label>
					<description></description>
					<levelMax>3</levelMax>
					<costToLevel>1</costToLevel>
				</li>
			</skills>
		</customPower>
	</TorannMagic.TM_CustomPowerDef>

	<TorannMagic.TM_CustomPowerDef ParentName="CustomPower">
		<defName>TM_Suncall</defName>
		<customPower>
			<forMage>true</forMage>
			<abilityDefs>
				<li>TM_Suncall</li>
			</abilityDefs>
			<skills>
				<li>										
					<label></label>
					<description></description>
					<levelMax>3</levelMax>
					<costToLevel>1</costToLevel>
				</li>
			</skills>
		</customPower>
	</TorannMagic.TM_CustomPowerDef>

	<TorannMagic.TM_CustomPowerDef ParentName="CustomPower">
		<defName>TM_SuncallIndicator</defName>
		<customPower>
			<forMage>true</forMage>
			<abilityDefs>
				<li>TM_SuncallIndicator</li>
			</abilityDefs>
			<skills>
				<li>										
					<label></label>
					<description></description>
					<levelMax>3</levelMax>
					<costToLevel>1</costToLevel>
				</li>
			</skills>
		</customPower>
	</TorannMagic.TM_CustomPowerDef>

	<TorannMagic.TM_CustomPowerDef ParentName="CustomPower">
		<defName>TM_Bloodsoak</defName>
		<customPower>
			<forMage>true</forMage>
			<abilityDefs>
				<li>TM_Bloodsoak</li>
			</abilityDefs>
			<skills>
				<li>										
					<label></label>
					<description></description>
					<levelMax>3</levelMax>
					<costToLevel>1</costToLevel>
				</li>
			</skills>
		</customPower>
	</TorannMagic.TM_CustomPowerDef>

	<TorannMagic.TM_CustomPowerDef ParentName="CustomPower">
		<defName>TM_Combust</defName>
		<customPower>
			<forMage>true</forMage>
			<abilityDefs>
				<li>TM_Combust</li>
			</abilityDefs>
			<skills>
				<li>										
					<label></label>
					<description></description>
					<levelMax>3</levelMax>
					<costToLevel>1</costToLevel>
				</li>
			</skills>
		</customPower>
	</TorannMagic.TM_CustomPowerDef>

	<TorannMagic.TM_CustomPowerDef ParentName="CustomPower">
		<defName>TM_CombustIndicator</defName>
		<customPower>
			<forMage>true</forMage>
			<abilityDefs>
				<li>TM_CombustIndicator</li>
			</abilityDefs>
			<skills>
				<li>										
					<label></label>
					<description></description>
					<levelMax>3</levelMax>
					<costToLevel>1</costToLevel>
				</li>
			</skills>
		</customPower>
	</TorannMagic.TM_CustomPowerDef>

	<TorannMagic.TM_CustomPowerDef ParentName="CustomPower">
		<defName>TM_RemoteExplosiveIndicator</defName>
		<customPower>
			<forFighter>true</forFighter>
			<abilityDefs>
				<li>TM_RemoteExplosiveIndicator</li>
			</abilityDefs>
			<skills>
				<li>										
					<label></label>
					<description></description>
					<levelMax>3</levelMax>
					<costToLevel>1</costToLevel>
				</li>
			</skills>
		</customPower>
	</TorannMagic.TM_CustomPowerDef>

	<TorannMagic.TM_CustomPowerDef ParentName="CustomPower">
		<defName>TM_FlashTrapIndicator</defName>
		<customPower>
			<forFighter>true</forFighter>
			<abilityDefs>
				<li>TM_FlashTrapIndicator</li>
			</abilityDefs>
			<skills>
				<li>										
					<label></label>
					<description></description>
					<levelMax>3</levelMax>
					<costToLevel>1</costToLevel>
				</li>
			</skills>
		</customPower>
	</TorannMagic.TM_CustomPowerDef>

	<TorannMagic.TM_CustomPowerDef ParentName="CustomPower">
		<defName>TM_ChainStrike</defName>
		<customPower>
			<forFighter>true</forFighter>
			<abilityDefs>
				<li>TM_ChainStrikeB</li>
				<li>TM_ChainStrike_I</li>
				<li>TM_ChainStrike_II</li>
				<li>TM_ChainStrike_III</li>
			</abilityDefs>
			<skills>
				<li>										
					<label></label>
					<description></description>
					<levelMax>3</levelMax>
					<costToLevel>1</costToLevel>
				</li>
			</skills>
					<costToLevel>2</costToLevel>
		</customPower>
	</TorannMagic.TM_CustomPowerDef>

	<TorannMagic.TM_CustomPowerDef ParentName="CustomPower">
		<defName>TM_Condemn</defName>
		<customPower>
			<forFighter>true</forFighter>
			<abilityDefs>
				<li>TM_CondemnB</li>
				<li>TM_Condemn_I</li>
				<li>TM_Condemn_II</li>
				<li>TM_Condemn_III</li>
			</abilityDefs>
			<skills>
				<li>										
					<label></label>
					<description></description>
					<levelMax>3</levelMax>
					<costToLevel>1</costToLevel>
				</li>
			</skills>
		</customPower>
	</TorannMagic.TM_CustomPowerDef>

	<TorannMagic.TM_CustomPowerDef ParentName="CustomPower">
		<defName>TM_ChainDash</defName>
		<customPower>
			<forFighter>true</forFighter>
			<abilityDefs>
				<li>TM_ChainDash</li>
			</abilityDefs>
			<skills>
				<li>										
					<label></label>
					<description></description>
					<levelMax>3</levelMax>
					<costToLevel>1</costToLevel>
				</li>
			</skills>
		</customPower>
	</TorannMagic.TM_CustomPowerDef>

	<TorannMagic.TM_CustomPowerDef ParentName="CustomPower">
		<defName>TM_ChainJail</defName>
		<customPower>
			<forFighter>true</forFighter>
			<abilityDefs>
				<li>TM_ChainJailB</li>
				<li>TM_ChainJail_I</li>
				<li>TM_ChainJail_II</li>
				<li>TM_ChainJail_III</li>
			</abilityDefs>
			<skills>
				<li>										
					<label></label>
					<description></description>
					<levelMax>3</levelMax>
					<costToLevel>1</costToLevel>
				</li>
			</skills>
					<costToLevel>2</costToLevel>
		</customPower>
	</TorannMagic.TM_CustomPowerDef>

	<TorannMagic.TM_CustomPowerDef ParentName="CustomPower">
		<defName>TM_ChainFlurry</defName>
		<customPower>
			<forFighter>true</forFighter>
			<abilityDefs>
				<li>TM_ChainFlurryB</li>
				<li>TM_ChainFlurry_I</li>
				<li>TM_ChainFlurry_II</li>
				<li>TM_ChainFlurry_III</li>
			</abilityDefs>
			<skills>
				<li>										
					<label></label>
					<description></description>
					<levelMax>3</levelMax>
					<costToLevel>1</costToLevel>
				</li>
			</skills>
					<costToLevel>3</costToLevel>
		</customPower>
	</TorannMagic.TM_CustomPowerDef>

	<TorannMagic.TM_CustomPowerDef ParentName="CustomPower">
		<defName>TM_ChainWard</defName>
		<customPower>
			<forFighter>true</forFighter>
			<abilityDefs>
				<li>TM_ChainWardB</li>
				<li>TM_ChainWard_I</li>
				<li>TM_ChainWard_II</li>
				<li>TM_ChainWard_III</li>
			</abilityDefs>
			<skills>
				<li>										
					<label></label>
					<description></description>
					<levelMax>3</levelMax>
					<costToLevel>1</costToLevel>
				</li>
			</skills>
					<costToLevel>2</costToLevel>
		</customPower>
	</TorannMagic.TM_CustomPowerDef>

	<TorannMagic.TM_CustomPowerDef ParentName="CustomPower">
		<defName>TM_MedigelW</defName>
		<customPower>
			<forFighter>true</forFighter>
			<abilityDefs>
				<li>TM_MedigelW</li>
			</abilityDefs>
			<skills>
				<li>										
					<label></label>
					<description></description>
					<levelMax>3</levelMax>
					<costToLevel>1</costToLevel>
				</li>
			</skills>
		</customPower>
	</TorannMagic.TM_CustomPowerDef>

	<TorannMagic.TM_CustomPowerDef ParentName="CustomPower">
		<defName>TM_CombatDrugPainW</defName>
		<customPower>
			<forFighter>true</forFighter>
			<abilityDefs>
				<li>TM_CombatDrugPainW</li>
			</abilityDefs>
			<skills>
				<li>										
					<label></label>
					<description></description>
					<levelMax>3</levelMax>
					<costToLevel>1</costToLevel>
				</li>
			</skills>
		</customPower>
	</TorannMagic.TM_CustomPowerDef>

	<TorannMagic.TM_CustomPowerDef ParentName="CustomPower">
		<defName>TM_ThermoPillsW</defName>
		<customPower>
			<forFighter>true</forFighter>
			<abilityDefs>
				<li>TM_ThermoPillsW</li>
			</abilityDefs>
			<skills>
				<li>										
					<label></label>
					<description></description>
					<levelMax>3</levelMax>
					<costToLevel>1</costToLevel>
				</li>
			</skills>
		</customPower>
	</TorannMagic.TM_CustomPowerDef>

	<TorannMagic.TM_CustomPowerDef ParentName="CustomPower">
		<defName>TM_CloakingDeviceW</defName>
		<customPower>
			<forFighter>true</forFighter>
			<abilityDefs>
				<li>TM_CloakingDeviceW</li>
			</abilityDefs>
			<skills>
				<li>										
					<label></label>
					<description></description>
					<levelMax>3</levelMax>
					<costToLevel>1</costToLevel>
				</li>
			</skills>
		</customPower>
	</TorannMagic.TM_CustomPowerDef>

	<TorannMagic.TM_CustomPowerDef ParentName="CustomPower">
		<defName>TM_Ambush</defName>
		<customPower>
			<forFighter>true</forFighter>
			<abilityDefs>
				<li>TM_Ambush</li>
			</abilityDefs>
			<skills>
				<li>										
					<label></label>
					<description></description>
					<levelMax>3</levelMax>
					<costToLevel>1</costToLevel>
				</li>
			</skills>
		</customPower>
	</TorannMagic.TM_CustomPowerDef>

	<TorannMagic.TM_CustomPowerDef ParentName="CustomPower">
		<defName>TM_RemoteExplosive</defName>
		<customPower>
			<forFighter>true</forFighter>
			<abilityDefs>
				<li>TM_RemoteExplosive</li>
			</abilityDefs>
			<skills>
				<li>										
					<label></label>
					<description></description>
					<levelMax>3</levelMax>
					<costToLevel>1</costToLevel>
				</li>
			</skills>
		</customPower>
	</TorannMagic.TM_CustomPowerDef>

	<TorannMagic.TM_CustomPowerDef ParentName="CustomPower">
		<defName>TM_FlashTrap</defName>
		<customPower>
			<forFighter>true</forFighter>
			<abilityDefs>
				<li>TM_FlashTrap</li>
			</abilityDefs>
			<skills>
				<li>										
					<label></label>
					<description></description>
					<levelMax>3</levelMax>
					<costToLevel>1</costToLevel>
				</li>
			</skills>
		</customPower>
	</TorannMagic.TM_CustomPowerDef>

	<TorannMagic.TM_CustomPowerDef ParentName="CustomPower">
		<defName>TM_TargetPractice</defName>
		<customPower>
			<forMage>true</forMage>
			<abilityDefs>
				<li>TM_TargetPractice</li>
			</abilityDefs>
			<skills>
				<li>										
					<label></label>
					<description></description>
					<levelMax>3</levelMax>
					<costToLevel>1</costToLevel>
				</li>
			</skills>
		</customPower>
	</TorannMagic.TM_CustomPowerDef>

	<TorannMagic.TM_CustomPowerDef ParentName="CustomPower">
		<defName>TM_StalkersGaze</defName>
		<customPower>
			<forMage>true</forMage>
			<abilityDefs>
				<li>TM_StalkersGaze</li>
			</abilityDefs>
			<skills>
				<li>										
					<label></label>
					<description></description>
					<levelMax>3</levelMax>
					<costToLevel>1</costToLevel>
				</li>
			</skills>
		</customPower>
	</TorannMagic.TM_CustomPowerDef>

	<TorannMagic.TM_CustomPowerDef ParentName="CustomPower">
		<defName>TM_ClarionCall</defName>
		<customPower>
			<forFighter>true</forFighter>
			<abilityDefs>
				<li>TM_ClarionCall</li>
			</abilityDefs>
			<skills>
				<li>										
					<label></label>
					<description></description>
					<levelMax>3</levelMax>
					<costToLevel>1</costToLevel>
				</li>
			</skills>
		</customPower>
	</TorannMagic.TM_CustomPowerDef>

	<TorannMagic.TM_CustomPowerDef ParentName="CustomPower">
		<defName>TM_EnergyChanneling</defName>
		<customPower>
			<forMage>true</forMage>
			<abilityDefs>
				<li>TM_EnergyChanneling</li>
			</abilityDefs>
			<skills>
				<li>										
					<label></label>
					<description></description>
					<levelMax>3</levelMax>
					<costToLevel>1</costToLevel>
				</li>
			</skills>
		</customPower>
	</TorannMagic.TM_CustomPowerDef>

	<TorannMagic.TM_CustomPowerDef ParentName="CustomPower">
		<defName>TM_EssenceChanneling</defName>
		<customPower>
			<forMage>true</forMage>
			<abilityDefs>
				<li>TM_EssenceChanneling</li>
			</abilityDefs>
			<skills>
				<li>										
					<label></label>
					<description></description>
					<levelMax>3</levelMax>
					<costToLevel>1</costToLevel>
				</li>
			</skills>
		</customPower>
	</TorannMagic.TM_CustomPowerDef>

</Defs>