<?xml version="1.0" encoding="utf-8" ?>

<Defs>

  <ThingDef ParentName="ArcaneScriptBase">
    <defName>BookOfNinja</defName>
    <label>Arcane Tome: Ninja</label>
    <thingClass>ThingWithComps</thingClass>
    <description>Teaches a magically or physically inclined pawn the art of the ninja, a tricky melee fighter with a few magical tricks up their sleeves.</description>
	<category>Item</category>
	<selectable>true</selectable>
    <altitudeLayer>Item</altitudeLayer>
	<alwaysHaulable>true</alwaysHaulable>	
	<resourceReadoutPriority>Middle</resourceReadoutPriority>
    <tradeNeverStack>true</tradeNeverStack>
    <useHitPoints>true</useHitPoints>
	<comps>
      <li Class="CompProperties_Forbiddable" />
    </comps>
	<rotatable>false</rotatable>
    <graphicData>
      <texPath>Books/shadowbook</texPath>
      <graphicClass>Graphic_Single</graphicClass>
    </graphicData>
  </ThingDef>

  <ThingDef ParentName="ArcaneScriptBase">
    <defName>BookOfRedMage</defName>
    <label>Arcane Tome: Red Mage</label>
    <thingClass>ThingWithComps</thingClass>
    <description>Teaches a magically or physically inclined pawn the flourishing art of the Red Mage, a versatile and stylish weave of blade and magic.</description>
	<category>Item</category>
	<selectable>true</selectable>
    <altitudeLayer>Item</altitudeLayer>
	<alwaysHaulable>true</alwaysHaulable>	
	<resourceReadoutPriority>Middle</resourceReadoutPriority>
    <tradeNeverStack>true</tradeNeverStack>
    <useHitPoints>true</useHitPoints>
	<comps>
      <li Class="CompProperties_Forbiddable" />
    </comps>
	<rotatable>false</rotatable>
    <graphicData>
      <texPath>Books/blankscript_magic</texPath>
      <graphicClass>Graphic_Single</graphicClass>
    </graphicData>
  </ThingDef>

  <ThingDef ParentName="ArcaneScriptBase">
    <defName>BookOfElementalGunner</defName>
    <label>Arcane Tome: Elemental Gunner</label>
    <thingClass>ThingWithComps</thingClass>
    <description>Teaches a pawn the path of the rapid-firing Elemental Gunner.</description>
	<category>Item</category>
	<selectable>true</selectable>
    <altitudeLayer>Item</altitudeLayer>
	<alwaysHaulable>true</alwaysHaulable>	
	<resourceReadoutPriority>Middle</resourceReadoutPriority>
    <tradeNeverStack>true</tradeNeverStack>
    <useHitPoints>true</useHitPoints>
	<comps>
      <li Class="CompProperties_Forbiddable" />
    </comps>
	<rotatable>false</rotatable>
    <graphicData>
      <texPath>Books/sniper</texPath>
      <graphicClass>Graphic_Single</graphicClass>
    </graphicData>
  </ThingDef>

  <ThingDef ParentName="Partial_ArcaneScriptBase">
    <defName>Torn_BookOfTroubadour</defName>
    <label>Torn Script: Troubadour</label>
    <thingClass>ThingWithComps</thingClass>
    <description>Teaches a gifted pawn how to support their allies with music and song. The scroll is incomplete and may result in the pawn not learning every spell right away.</description>
	<category>Item</category>
	<selectable>true</selectable>
    <altitudeLayer>Item</altitudeLayer>
	<alwaysHaulable>true</alwaysHaulable>
	<resourceReadoutPriority>Middle</resourceReadoutPriority>
    <tradeNeverStack>true</tradeNeverStack>
    <useHitPoints>true</useHitPoints>
	<comps>
      <li Class="CompProperties_Forbiddable" />
    </comps>
	<rotatable>false</rotatable>
    <graphicData>
      <texPath>Books/torn_lightning</texPath>
      <graphicClass>Graphic_Single</graphicClass>
    </graphicData>
  </ThingDef>

  <ThingDef ParentName="ArcaneScriptBase">
    <defName>BookOfTroubadour</defName>
    <label>Arcane Tome: Troubadour</label>
    <thingClass>ThingWithComps</thingClass>
    <description>Teaches a pawn the whimsical path of the wandering Troubadour.</description>
	<category>Item</category>
	<selectable>true</selectable>
    <altitudeLayer>Item</altitudeLayer>
	<alwaysHaulable>true</alwaysHaulable>	
	<resourceReadoutPriority>Middle</resourceReadoutPriority>
    <tradeNeverStack>true</tradeNeverStack>
    <useHitPoints>true</useHitPoints>
	<comps>
      <li Class="CompProperties_Forbiddable" />
    </comps>
	<rotatable>false</rotatable>
    <graphicData>
      <texPath>Books/bard</texPath>
      <graphicClass>Graphic_Single</graphicClass>
    </graphicData>
  </ThingDef>

  <ThingDef ParentName="CombatFormBase">
    <defName>BookOfBombardier</defName>
    <label>Combat Style: Bombardier</label>
    <thingClass>ThingWithComps</thingClass>
    <description>Teaches a physically-inclined pawn to become a ranged explosives expert.</description>
	<category>Item</category>
	<selectable>true</selectable>
    <altitudeLayer>Item</altitudeLayer>
	<alwaysHaulable>true</alwaysHaulable>	
	<resourceReadoutPriority>Middle</resourceReadoutPriority>
    <tradeNeverStack>true</tradeNeverStack>
    <useHitPoints>true</useHitPoints>
	<comps>
      <li Class="CompProperties_Forbiddable" />
    </comps>
	<rotatable>false</rotatable>
    <graphicData>
      <texPath>Books/blankscript_might</texPath>
      <graphicClass>Graphic_Single</graphicClass>
    </graphicData>
  </ThingDef>

  <ThingDef ParentName="CombatFormBase">
    <defName>BookOfReaper</defName>
    <label>Combat Style: Reaper</label>
    <thingClass>ThingWithComps</thingClass>
    <description>Teaches a physically-inclined pawn how to attune to dark forces to become a nigh-demonic entity that dives directly into enemy positions to wreak havoc.</description>
	<category>Item</category>
	<selectable>true</selectable>
    <altitudeLayer>Item</altitudeLayer>
	<alwaysHaulable>true</alwaysHaulable>	
	<resourceReadoutPriority>Middle</resourceReadoutPriority>
    <tradeNeverStack>true</tradeNeverStack>
    <useHitPoints>true</useHitPoints>
	<comps>
      <li Class="CompProperties_Forbiddable" />
    </comps>
	<rotatable>false</rotatable>
    <graphicData>
      <texPath>Books/shadowbook</texPath>
      <graphicClass>Graphic_Single</graphicClass>
    </graphicData>
  </ThingDef>

  <ThingDef ParentName="CombatFormBase">
    <defName>BookOfRailbreaker</defName>
    <label>Combat Augments: Railbreaker</label>
    <thingClass>ThingWithComps</thingClass>
    <description>A physically adept pawn can use these augments to turn themselves into a Railbreaker, a reckless melee brawler that utilizes explosions at point-blank range. They have extreme firepower, but the recoil from their own moves is a constant risk.</description>
	<category>Item</category>
	<selectable>true</selectable>
    <altitudeLayer>Item</altitudeLayer>
	<alwaysHaulable>true</alwaysHaulable>	
	<resourceReadoutPriority>Middle</resourceReadoutPriority>
    <tradeNeverStack>true</tradeNeverStack>
    <useHitPoints>true</useHitPoints>
	<comps>
      <li Class="CompProperties_Forbiddable" />
    </comps>
	<rotatable>false</rotatable>
    <graphicData>
      <texPath>Books/ss_serum_c</texPath>
      <graphicClass>Graphic_Single</graphicClass>
    </graphicData>
  </ThingDef>

  <ThingDef ParentName="CombatFormBase">
    <defName>BookOfMedic</defName>
    <label>Hippocratic Oath: Medic</label>
    <thingClass>ThingWithComps</thingClass>
    <description>Allows a physically adept pawn to swear the Hippocratic Oath to become a Medic. Medics are extremely capable doctors, and have an array of supportive abilities. They are very poor combatants, however.</description>
	<category>Item</category>
	<selectable>true</selectable>
    <altitudeLayer>Item</altitudeLayer>
	<alwaysHaulable>true</alwaysHaulable>	
	<resourceReadoutPriority>Middle</resourceReadoutPriority>
    <tradeNeverStack>true</tradeNeverStack>
    <useHitPoints>true</useHitPoints>
	<comps>
      <li Class="CompProperties_Forbiddable" />
    </comps>
	<rotatable>false</rotatable>
    <graphicData>
      <texPath>Books/scroll_holy</texPath>
      <graphicClass>Graphic_Single</graphicClass>
    </graphicData>
  </ThingDef>

  <ThingDef ParentName="Partial_ArcaneScriptBase">
    <defName>Torn_BookOfWindMage</defName>
    <label>Torn Script: Wind Mage</label>
    <thingClass>ThingWithComps</thingClass>
    <description>Teaches a gifted pawn how to cast wind spells. The scroll is incomplete and may result in the pawn not learning every spell right away.</description>
	<category>Item</category>
	<selectable>true</selectable>
    <altitudeLayer>Item</altitudeLayer>
	<alwaysHaulable>true</alwaysHaulable>
	<resourceReadoutPriority>Middle</resourceReadoutPriority>
    <tradeNeverStack>true</tradeNeverStack>
    <useHitPoints>true</useHitPoints>
	<comps>
      <li Class="CompProperties_Forbiddable" />
    </comps>
	<rotatable>false</rotatable>
    <graphicData>
      <texPath>Books/torn_lightning</texPath>
      <graphicClass>Graphic_Single</graphicClass>
    </graphicData>
  </ThingDef>

  <ThingDef ParentName="ArcaneScriptBase">
    <defName>BookOfWindMage</defName>
    <label>Arcane Tome: Wind Mage</label>
    <thingClass>ThingWithComps</thingClass>
    <description>Teaches a magically inclined pawn how to harness the power of the wind.</description>
	<category>Item</category>
	<selectable>true</selectable>
    <altitudeLayer>Item</altitudeLayer>
	<alwaysHaulable>true</alwaysHaulable>	
	<resourceReadoutPriority>Middle</resourceReadoutPriority>
    <tradeNeverStack>true</tradeNeverStack>
    <useHitPoints>true</useHitPoints>
	<comps>
      <li Class="CompProperties_Forbiddable" />
    </comps>
	<rotatable>false</rotatable>
    <graphicData>
      <texPath>Books/brightmage</texPath>
      <graphicClass>Graphic_Single</graphicClass>
    </graphicData>
  </ThingDef>

  <ThingDef ParentName="CombatFormBase">
    <defName>BookOfGadgeteer</defName>
    <label>Combat Inspiration: Gadgeteer</label>
    <thingClass>ThingWithComps</thingClass>
    <description>Teaches a physically adept pawn the insightful style of thinking needed to become a Gadgeteer, an eccentric inventor with numerous odd tools to assist in daily life.</description>
	<category>Item</category>
	<selectable>true</selectable>
    <altitudeLayer>Item</altitudeLayer>
	<alwaysHaulable>true</alwaysHaulable>	
	<resourceReadoutPriority>Middle</resourceReadoutPriority>
    <tradeNeverStack>true</tradeNeverStack>
    <useHitPoints>true</useHitPoints>
	<comps>
      <li Class="CompProperties_Forbiddable" />
    </comps>
	<rotatable>false</rotatable>
    <graphicData>
      <texPath>Books/brightmage</texPath>
      <graphicClass>Graphic_Single</graphicClass>
    </graphicData>
  </ThingDef>

  <ThingDef ParentName="Partial_ArcaneScriptBase">
    <defName>Torn_BookOfChromaMage</defName>
    <label>Torn Script: Chroma Mage</label>
    <thingClass>ThingWithComps</thingClass>
    <description>Teaches a gifted pawn how to embark on the multifaceted path of the Chroma Mage. The path of the Chroma Mage is one of adaptability and versatile mastery. Upon reading the scroll, the Chroma Mage will learn a random number of spells from its possible spell pool.</description>
	<category>Item</category>
	<selectable>true</selectable>
    <altitudeLayer>Item</altitudeLayer>
	<alwaysHaulable>true</alwaysHaulable>
	<resourceReadoutPriority>Middle</resourceReadoutPriority>
    <tradeNeverStack>true</tradeNeverStack>
    <useHitPoints>true</useHitPoints>
	<comps>
      <li Class="CompProperties_Forbiddable" />
    </comps>
	<rotatable>false</rotatable>
    <graphicData>
      <texPath>Books/scroll_fire</texPath>
      <graphicClass>Graphic_Single</graphicClass>
    </graphicData>
  </ThingDef>

  <ThingDef ParentName="CombatFormBase">
    <defName>BookOfSamurai</defName>
    <label>Combat Style: Samurai</label>
    <thingClass>ThingWithComps</thingClass>
    <description>Teaches a physically adept pawn to become a Samurai, a master of Iai.</description>
	<category>Item</category>
	<selectable>true</selectable>
    <altitudeLayer>Item</altitudeLayer>
	<alwaysHaulable>true</alwaysHaulable>	
	<resourceReadoutPriority>Middle</resourceReadoutPriority>
    <tradeNeverStack>true</tradeNeverStack>
    <useHitPoints>true</useHitPoints>
	<comps>
      <li Class="CompProperties_Forbiddable" />
    </comps>
	<rotatable>false</rotatable>
    <graphicData>
      <texPath>Books/bladedancer</texPath>
      <graphicClass>Graphic_Single</graphicClass>
    </graphicData>
  </ThingDef>

  <ThingDef ParentName="CombatFormBase">
    <defName>BookOfScion</defName>
    <label>Combat Style: Scion</label>
    <thingClass>ThingWithComps</thingClass>
    <description>Teaches a physically adept pawn to become a Scion, a melee fighter that channels the power of ancient aspects to aid them in combat.</description>
	<category>Item</category>
	<selectable>true</selectable>
    <altitudeLayer>Item</altitudeLayer>
	<alwaysHaulable>true</alwaysHaulable>	
	<resourceReadoutPriority>Middle</resourceReadoutPriority>
    <tradeNeverStack>true</tradeNeverStack>
    <useHitPoints>true</useHitPoints>
	<comps>
      <li Class="CompProperties_Forbiddable" />
    </comps>
	<rotatable>false</rotatable>
    <graphicData>
      <texPath>Books/blankscript_magic</texPath>
      <graphicClass>Graphic_Single</graphicClass>
    </graphicData>
  </ThingDef>

  <ThingDef ParentName="Partial_ArcaneScriptBase">
    <defName>Torn_BookOfHarbinger</defName>
    <label>Torn Script: Harbinger</label>
    <thingClass>ThingWithComps</thingClass>
    <description>Teaches a gifted pawn how to cast corruptive curses and hexes on their enemies. The scroll is incomplete and may result in the pawn not learning every spell right away.</description>
	<category>Item</category>
	<selectable>true</selectable>
    <altitudeLayer>Item</altitudeLayer>
	<alwaysHaulable>true</alwaysHaulable>
	<resourceReadoutPriority>Middle</resourceReadoutPriority>
    <tradeNeverStack>true</tradeNeverStack>
    <useHitPoints>true</useHitPoints>
	<comps>
      <li Class="CompProperties_Forbiddable" />
    </comps>
	<rotatable>false</rotatable>
    <graphicData>
      <texPath>Books/torn_blood</texPath>
      <graphicClass>Graphic_Single</graphicClass>
    </graphicData>
  </ThingDef>

  <ThingDef ParentName="ArcaneScriptBase">
    <defName>BookOfHarbinger</defName>
    <label>Arcane Tome: Harbinger</label>
    <thingClass>ThingWithComps</thingClass>
    <description>Teaches a magically-inclined pawn the corruptive arts of the Harbinger, teaching curse spells capable of breaking the mind and body of anyone who meets their ire.</description>
	<category>Item</category>
	<selectable>true</selectable>
    <altitudeLayer>Item</altitudeLayer>
	<alwaysHaulable>true</alwaysHaulable>	
	<resourceReadoutPriority>Middle</resourceReadoutPriority>
    <tradeNeverStack>true</tradeNeverStack>
    <useHitPoints>true</useHitPoints>
	<comps>
      <li Class="CompProperties_Forbiddable" />
    </comps>
	<rotatable>false</rotatable>
    <graphicData>
      <texPath>Books/blankscript_magic</texPath>
      <graphicClass>Graphic_Single</graphicClass>
    </graphicData>
  </ThingDef>

  <ThingDef ParentName="CombatFormBase">
    <defName>BookOfBerserker</defName>
    <label>Combat Style: Berserker</label>
    <thingClass>ThingWithComps</thingClass>
    <description>This book supposedly teaches one the combat art of the Berserker, but no one seems to get through more than the first few pages before ripping it apart and charging off to find the nearest enemy.</description>
	<category>Item</category>
	<selectable>true</selectable>
    <altitudeLayer>Item</altitudeLayer>
	<alwaysHaulable>true</alwaysHaulable>	
	<resourceReadoutPriority>Middle</resourceReadoutPriority>
    <tradeNeverStack>true</tradeNeverStack>
    <useHitPoints>true</useHitPoints>
	<comps>
      <li Class="CompProperties_Forbiddable" />
    </comps>
	<rotatable>false</rotatable>
    <graphicData>
      <texPath>Books/supersoldier</texPath>
      <graphicClass>Graphic_Single</graphicClass>
    </graphicData>
  </ThingDef>

  <ThingDef ParentName="CombatFormBase">
    <defName>BookOfPlaguedoctor</defName>
    <label>Twisted Inspiration: Plaguedoctor</label>
    <thingClass>ThingWithComps</thingClass>
    <description>This book teaches a physically-inclined pawn the twisted style of thinking of a Plaguedoctor, a half-crazed medieval physician who revels in poison, death, and decay. They are capable of performing questionable yet rapid surgeries, and have a variety of plague-inflicting attacks.</description>
	<category>Item</category>
	<selectable>true</selectable>
    <altitudeLayer>Item</altitudeLayer>
	<alwaysHaulable>true</alwaysHaulable>	
	<resourceReadoutPriority>Middle</resourceReadoutPriority>
    <tradeNeverStack>true</tradeNeverStack>
    <useHitPoints>true</useHitPoints>
	<comps>
      <li Class="CompProperties_Forbiddable" />
    </comps>
	<rotatable>false</rotatable>
    <graphicData>
      <texPath>Books/blankscript_magic</texPath>
      <graphicClass>Graphic_Single</graphicClass>
    </graphicData>
  </ThingDef>

  <ThingDef ParentName="Partial_ArcaneScriptBase">
    <defName>Torn_BookOfCleric</defName>
    <label>Torn Script: Cleric</label>
    <thingClass>ThingWithComps</thingClass>
    <description>Teaches a magically-gifted pawn how to become a Cleric. Clerics are capable of casting multiple specialized support spells in quick succession, but their main limiting factor is the toll of fatigue their spells take on their body.
This arcane script is incomplete and the reader may not be able to learn some, or any, cleric spells.</description>
	<category>Item</category>
	<selectable>true</selectable>
    <altitudeLayer>Item</altitudeLayer>
	<alwaysHaulable>true</alwaysHaulable>
	<resourceReadoutPriority>Middle</resourceReadoutPriority>
    <tradeNeverStack>true</tradeNeverStack>
    <useHitPoints>true</useHitPoints>
	<comps>
      <li Class="CompProperties_Forbiddable" />
    </comps>
	<rotatable>false</rotatable>
    <graphicData>
      <texPath>Books/torn_healing</texPath>
      <graphicClass>Graphic_Single</graphicClass>
    </graphicData>
  </ThingDef>

  <ThingDef ParentName="ArcaneScriptBase">
    <defName>BookOfCleric</defName>
    <label>Arcane Tome: Cleric</label>
    <thingClass>ThingWithComps</thingClass>
    <description>Teaches a magically-gifted pawn how to become a Cleric. Clerics are capable of casting multiple specialized support spells in quick succession, but their main limiting factor is the toll of fatigue their spells take on their body.</description>
	<category>Item</category>
	<selectable>true</selectable>
    <altitudeLayer>Item</altitudeLayer>
	<alwaysHaulable>true</alwaysHaulable>
	<resourceReadoutPriority>Middle</resourceReadoutPriority>
    <tradeNeverStack>true</tradeNeverStack>
    <useHitPoints>true</useHitPoints>
	<comps>
      <li Class="CompProperties_Forbiddable" />
    </comps>
	<rotatable>false</rotatable>
    <graphicData>
      <texPath>Books/priest</texPath>
      <graphicClass>Graphic_Single</graphicClass>
    </graphicData>
  </ThingDef>

  <ThingDef ParentName="Partial_ArcaneScriptBase">
    <defName>Torn_BookOfArbormancer</defName>
    <label>Torn Script: Arbormancer</label>
    <thingClass>ThingWithComps</thingClass>
    <description>Teaches a magically-gifted pawn how to harness the power of living plants to cast a variety of magic spells. The scroll is incomplete and may result in the pawn not learning every spell right away.</description>
	<category>Item</category>
	<selectable>true</selectable>
    <altitudeLayer>Item</altitudeLayer>
	<alwaysHaulable>true</alwaysHaulable>
	<resourceReadoutPriority>Middle</resourceReadoutPriority>
    <tradeNeverStack>true</tradeNeverStack>
    <useHitPoints>true</useHitPoints>
	<comps>
      <li Class="CompProperties_Forbiddable" />
    </comps>
	<rotatable>false</rotatable>
    <graphicData>
      <texPath>Books/torn_lightning</texPath>
      <graphicClass>Graphic_Single</graphicClass>
    </graphicData>
  </ThingDef>

  <ThingDef ParentName="ArcaneScriptBase">
    <defName>BookOfArbormancer</defName>
    <label>Arcane Tome: Arbormancer</label>
    <thingClass>ThingWithComps</thingClass>
    <description>Teaches a magically-gifted pawn how to harness the power of living plants to cast a variety of magic spells.</description>
	<category>Item</category>
	<selectable>true</selectable>
    <altitudeLayer>Item</altitudeLayer>
	<alwaysHaulable>true</alwaysHaulable>	
	<resourceReadoutPriority>Middle</resourceReadoutPriority>
    <tradeNeverStack>true</tradeNeverStack>
    <useHitPoints>true</useHitPoints>
	<comps>
      <li Class="CompProperties_Forbiddable" />
    </comps>
	<rotatable>false</rotatable>
    <graphicData>
      <texPath>Books/druid</texPath>
      <graphicClass>Graphic_Single</graphicClass>
    </graphicData>
  </ThingDef>

  <ThingDef ParentName="CombatFormBase">
    <defName>BookOfChainwarden</defName>
    <label>Combat Style: Chainwarden</label>
    <thingClass>ThingWithComps</thingClass>
    <description>Teaches a physically-inclined pawn the unique fighting style of the Chainwarden, an unwieldy fighting style that lends itself to taking on multiple enemies at once by controlling their movement.</description>
	<category>Item</category>
	<selectable>true</selectable>
    <altitudeLayer>Item</altitudeLayer>
	<alwaysHaulable>true</alwaysHaulable>	
	<resourceReadoutPriority>Middle</resourceReadoutPriority>
    <tradeNeverStack>true</tradeNeverStack>
    <useHitPoints>true</useHitPoints>
	<comps>
      <li Class="CompProperties_Forbiddable" />
    </comps>
	<rotatable>false</rotatable>
    <graphicData>
      <texPath>Books/faceless</texPath>
      <graphicClass>Graphic_Single</graphicClass>
    </graphicData>
  </ThingDef>

  <ThingDef ParentName="CombatFormBase">
    <defName>BookOfAmbusher</defName>
    <label>Combat Style: Ambusher</label>
    <thingClass>ThingWithComps</thingClass>
    <description>Teaches a physically-inclined pawn the malicious fighting style of the Ambusher - a cold, patient fighter that lies in wait for their opponents.</description>
	<category>Item</category>
	<selectable>true</selectable>
    <altitudeLayer>Item</altitudeLayer>
	<alwaysHaulable>true</alwaysHaulable>	
	<resourceReadoutPriority>Middle</resourceReadoutPriority>
    <tradeNeverStack>true</tradeNeverStack>
    <useHitPoints>true</useHitPoints>
	<comps>
      <li Class="CompProperties_Forbiddable" />
    </comps>
	<rotatable>false</rotatable>
    <graphicData>
      <texPath>Books/faceless</texPath>
      <graphicClass>Graphic_Single</graphicClass>
    </graphicData>
  </ThingDef>

  <ThingDef ParentName="CombatFormBase">
    <defName>BookOfSaboteur</defName>
    <label>Combat Style: Saboteur</label>
    <thingClass>ThingWithComps</thingClass>
    <description>Teaches a physically-inclined pawn the art of the Saboteur, a fighter that specializes in going behind enemy lines and destroying key enemy buildings and defenses.</description>
	<category>Item</category>
	<selectable>true</selectable>
    <altitudeLayer>Item</altitudeLayer>
	<alwaysHaulable>true</alwaysHaulable>	
	<resourceReadoutPriority>Middle</resourceReadoutPriority>
    <tradeNeverStack>true</tradeNeverStack>
    <useHitPoints>true</useHitPoints>
	<comps>
      <li Class="CompProperties_Forbiddable" />
    </comps>
	<rotatable>false</rotatable>
    <graphicData>
      <texPath>Books/psionic</texPath>
      <graphicClass>Graphic_Single</graphicClass>
    </graphicData>
  </ThingDef>

  <ThingDef ParentName="Partial_ArcaneScriptBase">
    <defName>Torn_BookOfKeeper</defName>
    <label>Torn Script: Keeper</label>
    <thingClass>ThingWithComps</thingClass>
    <description>Teaches a magically-inclined to become a Keeper, a mage which specializes in base defense. The scroll is incomplete and may result in the pawn not learning every spell right away.</description>
	<category>Item</category>
	<selectable>true</selectable>
    <altitudeLayer>Item</altitudeLayer>
	<alwaysHaulable>true</alwaysHaulable>
	<resourceReadoutPriority>Middle</resourceReadoutPriority>
    <tradeNeverStack>true</tradeNeverStack>
    <useHitPoints>true</useHitPoints>
	<comps>
      <li Class="CompProperties_Forbiddable" />
    </comps>
	<rotatable>false</rotatable>
    <graphicData>
      <texPath>Books/torn_lightning</texPath>
      <graphicClass>Graphic_Single</graphicClass>
    </graphicData>
  </ThingDef>

  <ThingDef ParentName="ArcaneScriptBase">
    <defName>BookOfKeeper</defName>
    <label>Arcane Tome: Keeper</label>
    <thingClass>ThingWithComps</thingClass>
    <description>Teaches a magically-inclined pawn to become a Keeper, a mage which specializes in base defense.</description>
	<category>Item</category>
	<selectable>true</selectable>
    <altitudeLayer>Item</altitudeLayer>
	<alwaysHaulable>true</alwaysHaulable>	
	<resourceReadoutPriority>Middle</resourceReadoutPriority>
    <tradeNeverStack>true</tradeNeverStack>
    <useHitPoints>true</useHitPoints>
	<comps>
      <li Class="CompProperties_Forbiddable" />
    </comps>
	<rotatable>false</rotatable>
    <graphicData>
      <texPath>Books/ranger</texPath>
      <graphicClass>Graphic_Single</graphicClass>
    </graphicData>
  </ThingDef>

  <ThingDef ParentName="ArcaneScriptBase">
    <defName>BookOfPridestalker</defName>
    <label>Arcane Tome: Pridestalker</label>
    <thingClass>ThingWithComps</thingClass>
    <description>Teaches a magically or physically inclined pawn the art of the Pridestalker, a swift hunter that combines magic and bow to turn any fight into a vicious chase.</description>
	<category>Item</category>
	<selectable>true</selectable>
    <altitudeLayer>Item</altitudeLayer>
	<alwaysHaulable>true</alwaysHaulable>	
	<resourceReadoutPriority>Middle</resourceReadoutPriority>
    <tradeNeverStack>true</tradeNeverStack>
    <useHitPoints>true</useHitPoints>
	<comps>
      <li Class="CompProperties_Forbiddable" />
    </comps>
	<rotatable>false</rotatable>
    <graphicData>
      <texPath>Books/ranger</texPath>
      <graphicClass>Graphic_Single</graphicClass>
    </graphicData>
  </ThingDef>


  <ThingDef ParentName="FighterSkillBase">
    <defName>SkillOf_BackupGrenade</defName>
    <label>Fighter Skill: Backup Grenade</label>
    <thingClass>ThingWithComps</thingClass>
    <description>Teaches a fighter class the Backup Grenade ability, allowing them to toss an explosive grenade to deal a location to deal area damage.</description>
	<category>Item</category>
	<selectable>true</selectable>
    <altitudeLayer>Item</altitudeLayer>
	<alwaysHaulable>true</alwaysHaulable>
	
	<resourceReadoutPriority>Middle</resourceReadoutPriority>
    <tradeNeverStack>true</tradeNeverStack>
    <useHitPoints>true</useHitPoints>
	<statBases>
      <MarketValue>600</MarketValue>
	</statBases>
	<comps>
      <li Class="CompProperties_Forbiddable" />
    </comps>
		<costList>
		<RawMagicyte>64</RawMagicyte>
	</costList>
	<costStuffCount>60</costStuffCount>
	<stuffCategories>
		<li>Leathery</li>
	</stuffCategories>
	<recipeMaker>		    
		<workAmount>3000</workAmount>
		<workSpeedStat>WorkSpeedGlobal</workSpeedStat>
		<workSkill>Intellectual</workSkill>
		<recipeUsers>
			<li>TableMagicPrinter</li>
		</recipeUsers>
		<effectWorking>Smelt</effectWorking>
		<unfinishedThingDef>UnfinishedWeapon</unfinishedThingDef>
		<skillRequirements>
			<Crafting>4</Crafting>
			<Intellectual>4</Intellectual>
		</skillRequirements>
		<researchPrerequisite>
			<li>TM_MagicScribing</li>
		</researchPrerequisite>
	</recipeMaker>
	<rotatable>false</rotatable>
    <graphicData>
      <texPath>Books/scroll</texPath>
      <graphicClass>Graphic_Single</graphicClass>
    </graphicData>

  </ThingDef>

  <ThingDef ParentName="FighterSkillBase">
    <defName>SkillOf_EMPBomb</defName>
    <label>Fighter Skill: EMP Grenade</label>
    <thingClass>ThingWithComps</thingClass>
    <description>Teaches a fighter class the EMP Grenade ability, allowing them to toss a grenade to a location to disable mechanoids.</description>
	<category>Item</category>
	<selectable>true</selectable>
    <altitudeLayer>Item</altitudeLayer>
	<alwaysHaulable>true</alwaysHaulable>
	
	<resourceReadoutPriority>Middle</resourceReadoutPriority>
    <tradeNeverStack>true</tradeNeverStack>
    <useHitPoints>true</useHitPoints>
	<statBases>
      <MarketValue>600</MarketValue>
	</statBases>
	<comps>
      <li Class="CompProperties_Forbiddable" />
    </comps>
		<costList>
		<RawMagicyte>64</RawMagicyte>
	</costList>
	<costStuffCount>60</costStuffCount>
	<stuffCategories>
		<li>Leathery</li>
	</stuffCategories>
	<recipeMaker>		    
		<workAmount>3000</workAmount>
		<workSpeedStat>WorkSpeedGlobal</workSpeedStat>
		<workSkill>Intellectual</workSkill>
		<recipeUsers>
			<li>TableMagicPrinter</li>
		</recipeUsers>
		<effectWorking>Smelt</effectWorking>
		<unfinishedThingDef>UnfinishedWeapon</unfinishedThingDef>
		<skillRequirements>
			<Crafting>4</Crafting>
			<Intellectual>4</Intellectual>
		</skillRequirements>
		<researchPrerequisite>
			<li>TM_MagicScribing</li>
		</researchPrerequisite>
	</recipeMaker>
	<rotatable>false</rotatable>
    <graphicData>
      <texPath>Books/scroll</texPath>
      <graphicClass>Graphic_Single</graphicClass>
    </graphicData>
  </ThingDef>

  <ThingDef ParentName="FighterSkillBase">
    <defName>SkillOf_Glare</defName>
    <label>Fighter Skill: Glare</label>
    <thingClass>ThingWithComps</thingClass>
    <description>Teaches a fighter class how to direct a bone-chilling glare towards a single enemy, stunning them briefly.</description>
	<category>Item</category>
	<selectable>true</selectable>
    <altitudeLayer>Item</altitudeLayer>
	<alwaysHaulable>true</alwaysHaulable>
	
	<resourceReadoutPriority>Middle</resourceReadoutPriority>
    <tradeNeverStack>true</tradeNeverStack>
    <useHitPoints>true</useHitPoints>
	<statBases>
      <MarketValue>600</MarketValue>
	</statBases>
	<comps>
      <li Class="CompProperties_Forbiddable" />
    </comps>
		<costList>
		<RawMagicyte>48</RawMagicyte>
	</costList>
	<costStuffCount>30</costStuffCount>
	<stuffCategories>
		<li>Leathery</li>
	</stuffCategories>
	<recipeMaker>		    
		<workAmount>3000</workAmount>
		<workSpeedStat>WorkSpeedGlobal</workSpeedStat>
		<workSkill>Intellectual</workSkill>
		<recipeUsers>
			<li>TableMagicPrinter</li>
		</recipeUsers>
		<effectWorking>Smelt</effectWorking>
		<unfinishedThingDef>UnfinishedWeapon</unfinishedThingDef>
		<skillRequirements>
			<Crafting>4</Crafting>
			<Intellectual>4</Intellectual>
		</skillRequirements>
		<researchPrerequisite>
			<li>TM_MagicScribing</li>
		</researchPrerequisite>
	</recipeMaker>
	<rotatable>false</rotatable>
    <graphicData>
      <texPath>Books/scroll</texPath>
      <graphicClass>Graphic_Single</graphicClass>
    </graphicData>
  </ThingDef>

  <ThingDef ParentName="FighterSkillBase">
    <defName>SkillOf_EvasiveLeap</defName>
    <label>Fighter Skill: Evasive Leap</label>
    <thingClass>ThingWithComps</thingClass>
    <description>Teaches a fighter class the Evasive Leap ability, allowing them to leap over small obstacles, while also becoming briefly untargetable.</description>
	<category>Item</category>
	<selectable>true</selectable>
    <altitudeLayer>Item</altitudeLayer>
	<alwaysHaulable>true</alwaysHaulable>
	
	<resourceReadoutPriority>Middle</resourceReadoutPriority>
    <tradeNeverStack>true</tradeNeverStack>
    <useHitPoints>true</useHitPoints>
	<statBases>
      <MarketValue>600</MarketValue>
	</statBases>
	<comps>
      <li Class="CompProperties_Forbiddable" />
    </comps>
		<costList>
		<RawMagicyte>90</RawMagicyte>
	</costList>
	<costStuffCount>80</costStuffCount>
	<stuffCategories>
		<li>Leathery</li>
	</stuffCategories>
	<recipeMaker>		    
		<workAmount>3000</workAmount>
		<workSpeedStat>WorkSpeedGlobal</workSpeedStat>
		<workSkill>Intellectual</workSkill>
		<recipeUsers>
			<li>TableMagicPrinter</li>
		</recipeUsers>
		<effectWorking>Smelt</effectWorking>
		<unfinishedThingDef>UnfinishedWeapon</unfinishedThingDef>
		<skillRequirements>
			<Crafting>4</Crafting>
			<Intellectual>4</Intellectual>
		</skillRequirements>
		<researchPrerequisite>
			<li>TM_MagicScribing</li>
		</researchPrerequisite>
	</recipeMaker>
	<rotatable>false</rotatable>
    <graphicData>
      <texPath>Books/scroll</texPath>
      <graphicClass>Graphic_Single</graphicClass>
    </graphicData>
  </ThingDef>
	  
</Defs>
  