<?xml version="1.0" encoding="utf-8" ?>

<Patch>
  
  <Operation Class="PatchOperationReplace">
    <xpath>/Defs/HediffDef[defName = "TM_EnergyRegenHD"]</xpath>
	<value>
  <HediffDef>	
    	<defName>TM_EnergyRegenHD</defName>
		<hediffClass>HediffWithComps</hediffClass>
   	 <label>Energy Regeneration</label>
		<description>Increases stamina and mana regeneration rate.</description>
		<defaultLabelColor>(0,.5,1)</defaultLabelColor>
   	 <scenarioCanAdd>false</scenarioCanAdd>
		<maxSeverity>200.0</maxSeverity>
		<isBad>false</isBad>
		<makesSickThought>false</makesSickThought>
		<comps>
	 	 <li Class="TorannMagic.HediffCompProperties_SetDuration">
			<compClass>TorannMagic.HediffComp_SetDuration</compClass>
			<duration>30</duration>		
	  	</li> 
   		 </comps>
    		<stages>
    		<li>
	   	 <label></label>
			<minSeverity>.001</minSeverity>
			<becomeVisible>true</becomeVisible>
   	        </li>
    </stages>
  </HediffDef>
	</value>
  </Operation>

  <Operation Class="PatchOperationReplace">
    <xpath>/Defs/HediffDef[defName = "TM_HasteHD"]</xpath>
	<value>
    <HediffDef>
    <defName>TM_HasteHD</defName>
	<hediffClass>HediffWithComps</hediffClass>
	<label>Haste</label>
	<description>Attack rate is doubled.</description>
    <defaultLabelColor>(1,.4,0)</defaultLabelColor>
    <scenarioCanAdd>false</scenarioCanAdd>
	<makesSickThought>false</makesSickThought>
	<tendable>false</tendable>
    <makesAlert>false</makesAlert>
	<minSeverity>0.001</minSeverity>
	<maxSeverity>1.0</maxSeverity>
	<isBad>false</isBad>
	<initialSeverity>0.5</initialSeverity>
	<comps>
	  <li Class="TorannMagic.HediffCompProperties_SetDuration">
		<compClass>TorannMagic.HediffComp_SetDuration</compClass>
		<duration>20</duration>		
	  </li> 
    </comps>
	<stages>
      <li>
        <label></label>
        <minSeverity>0</minSeverity>
		<becomeVisible>true</becomeVisible>
      </li>	  
	</stages>
  </HediffDef>
	</value>
  </Operation>
  
</Patch>