<?xml version="1.0" encoding="utf-8" ?>

<Patch>

  <Operation Class="PatchOperationAdd">
    <xpath>*/TorannMagic.TM_CustomClassDef[defName = "TM_CustomClasses"]/customClasses</xpath>
	<value>		
		  <!-- Custom Class - the Wayfarer -->
		  <li>
			<classTrait>TM_Wayfarer</classTrait>			
			<traitDegree>4</traitDegree>					
			<classHediff></classHediff>							
			<classTexturePath>wayfarerFlame</classTexturePath>
			<classIconPath>CustomFlame</classIconPath>		
			<classIconColor>(1,0.09,0.39)</classIconColor>		
			<tornScript></tornScript>					
			<fullScript></fullScript>			
			
			<classMageAbilities>							
			</classMageAbilities>
			<learnableSpells>								
			</learnableSpells>								
			
			<classFighterAbilities>							
				<li>TM_WayfarerCraft</li>
				<li>TM_FieldTraining</li>
				<li>TM_Haste</li>
				<li>TM_CombatDrugPainW</li>
				<li>TM_MedigelW</li>
				<li>TM_ThermoPillsW</li>
				<li>TM_BackupGrenade</li>
				<li>TM_EMPBomb</li>
				<li>TM_CloakingDeviceW</li>
				<li>TM_Scan</li>
			</classFighterAbilities>
			<learnableSkills>								
			</learnableSkills>
			
			<isMage>false</isMage>							
			<isFighter>true</isFighter>						
            		<maxFighterLevel>300</maxFighterLevel>       					
									
			<isNecromancer>false</isNecromancer>			
			<isUndead>false</isUndead>						
															
			<isAndroid>false</isAndroid>					
			<isAdvancedClass>false</isAdvancedClass>		
		  </li>
		  <!-- Custom Class - the Wanderer -->
		  <li>		  
			<classTrait>TM_Wanderer</classTrait>			
			<traitDegree>4</traitDegree>					
			<classHediff></classHediff>							
			<classTexturePath>wandererFlame</classTexturePath>
			<classIconPath>CustomFlame</classIconPath>		
			<classIconColor>(.5,0.83,1.0)</classIconColor>		
			<tornScript></tornScript>						
			<fullScript></fullScript>			
			
			<classMageAbilities>							
				<li>TM_WandererCraft</li>
				<li>TM_Cantrips</li>
				<li>TM_Shadow</li>
				<li>TM_Shadow_I</li>
				<li>TM_Shadow_II</li>
				<li>TM_Shadow_III</li>
				<li>TM_LightBurst</li>
				<li>TM_Rainmaker</li>
				<li>TM_Firebolt</li>
				<li>TM_Encase</li>
				<li>TM_Encase_I</li>
				<li>TM_Encase_II</li>
				<li>TM_Encase_III</li>
				<li>TM_Flight</li>
			</classMageAbilities>
			<learnableSpells>								
			</learnableSpells>								
			
			<classFighterAbilities>							
			</classFighterAbilities>
			<learnableSkills>					
			</learnableSkills>
			
			<isMage>true</isMage>							
			<isFighter>false</isFighter>						
            		<maxMageLevel>300</maxMageLevel>        		
										
			<isNecromancer>false</isNecromancer>			
			<isUndead>false</isUndead>						
															
			<isAndroid>false</isAndroid>					
			<isAdvancedClass>false</isAdvancedClass>
		  </li>
		  <!-- Custom Class - the Monk -->
		  <li>		  
			<classTrait>TM_Monk</classTrait>		
			<traitDegree>4</traitDegree>					
			<classHediff></classHediff>									
			<classTexturePath>monkPsiMark</classTexturePath>
			<classIconPath>PsiMark</classIconPath>		
			<classIconColor>(1,0.99,0.79)</classIconColor>		
			<tornScript></tornScript>						
			<fullScript>BookOfMonk</fullScript>			
			
			<classMageAbilities>							
			</classMageAbilities>
			<learnableSpells>								
			</learnableSpells>								
			
			<classFighterAbilities>						
				<li>TM_Chi</li>
				<li>TM_MindOverBody</li>
				<li>TM_Meditate</li>
				<li>TM_ChiBurst</li>
				<li>TM_TigerStrike</li>
				<li>TM_ThunderStrike</li>
				<li>TM_DragonStrike</li>
				<li>TM_Serenity</li>
				<li>TM_TouchOfDeath</li>
			</classFighterAbilities>
			<learnableSkills>								
			</learnableSkills>
			
			<isMage>false</isMage>							
			<isFighter>true</isFighter>											
								
			<isNecromancer>false</isNecromancer>			
			<isUndead>false</isUndead>						
															
			<isAndroid>false</isAndroid>					
			<isAdvancedClass>false</isAdvancedClass>		
		  </li>
		  <!-- Custom Class - the Commander -->
		  <li>		  
			<classTrait>TM_Commander</classTrait>			
			<traitDegree>4</traitDegree>					
			<classHediff></classHediff>									
			<classTexturePath>CommanderMark</classTexturePath>
			<classIconPath>CommanderMark</classIconPath>		
			<classIconColor>(0.88,0.88,0.88)</classIconColor>		
			<tornScript></tornScript>						
			<fullScript>BookOfCommander</fullScript>			
			
			<classMageAbilities>							
			</classMageAbilities>
			<learnableSpells>							
			</learnableSpells>								
			
			<classFighterAbilities>							
				<li>TM_ProvisionerAura</li>
				<li>TM_TaskMasterAura</li>
				<li>TM_CommanderAura</li>
				<li>TM_StayAlert</li>
				<li>TM_StayAlert_I</li>
				<li>TM_StayAlert_II</li>
				<li>TM_StayAlert_III</li>
				<li>TM_MoveOut</li>
				<li>TM_MoveOut_I</li>
				<li>TM_MoveOut_II</li>
				<li>TM_MoveOut_III</li>
				<li>TM_HoldTheLine</li>
				<li>TM_HoldTheLine_I</li>
				<li>TM_HoldTheLine_II</li>
				<li>TM_HoldTheLine_III</li>
				<li>TM_Provoke</li>
				<li>TM_FireAtWill</li>
				<li>TM_BackupGrenade</li>
				<li>TM_BoosterShot</li>
			</classFighterAbilities>
			<learnableSkills>								
			</learnableSkills>
			
			<isMage>false</isMage>							
			<isFighter>true</isFighter>											
									
			<isNecromancer>false</isNecromancer>			
			<isUndead>false</isUndead>				
														
			<isAndroid>false</isAndroid>					
			<isAdvancedClass>false</isAdvancedClass>		
		  </li>
		  <!-- Custom Class - the Paladin -->
		  <li>		  
			<classTrait>Paladin</classTrait>			
			<traitDegree>4</traitDegree>					
			<classHediff></classHediff>									
			<classTexturePath>paladinMageMark</classTexturePath>
			<classIconPath>MageMark</classIconPath>		
			<classIconColor>(1.0,0.98,0.68)</classIconColor>		
			<tornScript>Torn_BookOfValiant</tornScript>						
			<fullScript>BookOfValiant</fullScript>			
			
			<classMageAbilities>						
				<li>TM_ValiantCharge</li>
				<li>TM_Shield</li>
				<li>TM_Shield_I</li>
				<li>TM_Shield_II</li>
				<li>TM_Shield_III</li>
				<li>TM_Heal</li>
				<li>TM_HolyWrath</li>
			</classMageAbilities>
			<learnableSpells>								
				<li>SpellOf_HolyWrath</li>
			</learnableSpells>								
			
			<classFighterAbilities>							
				<li>TM_Taunt</li>
				<li>TM_Purity</li>
				<li>TM_Equality</li>
				<li>TM_Retribution</li>
			</classFighterAbilities>
			<learnableSkills>								
			</learnableSkills>
			
			<isMage>true</isMage>							
			<isFighter>true</isFighter>										
									
			<isNecromancer>false</isNecromancer>		
			<isUndead>false</isUndead>					
															
			<isAndroid>false</isAndroid>					
			<isAdvancedClass>false</isAdvancedClass>
		  </li>
		  <!-- Custom Class - the Druid -->
		  <li>		  
			<classTrait>Druid</classTrait>			
			<traitDegree>4</traitDegree>					
			<classHediff></classHediff>									
			<classTexturePath>druidMageMark</classTexturePath>
			<classIconPath>MageMark</classIconPath>		
			<tornScript>Torn_BookOfNature</tornScript>						
			<fullScript>BookOfDruid</fullScript>			
			
			<classMageAbilities>							
				<li>TM_Poison</li>
				<li>TM_SootheAnimal</li>
				<li>TM_SootheAnimal_I</li>
				<li>TM_SootheAnimal_II</li>
				<li>TM_SootheAnimal_III</li>
				<li>TM_Regenerate</li>
				<li>TM_CureDisease</li>
				<li>TM_RegrowLimb</li>
				<li>TM_Barkskin</li>
				<li>TM_BramblePatch</li>
				<li>TM_Tailwind</li>
			</classMageAbilities>
			<learnableSpells>								
				<li>SpellOf_RegrowLimb</li>
				<li>SpellOf_FertileLands</li>
			</learnableSpells>								
			
			<classFighterAbilities>							
			</classFighterAbilities>
			<learnableSkills>								
			</learnableSkills>
			
			<isMage>true</isMage>							
			<isFighter>false</isFighter>										
									
			<isNecromancer>false</isNecromancer>			
			<isUndead>false</isUndead>					
														
			<isAndroid>false</isAndroid>					
			<isAdvancedClass>false</isAdvancedClass>		
		  </li>
		  <!-- Custom Class - the Arcane Mage -->
		  <li>		  
			<classTrait>Arcanist</classTrait>			
			<traitDegree>4</traitDegree>					
			<classHediff></classHediff>								
			<classTexturePath>arcanistMageMark</classTexturePath>
			<classIconPath>MageMark</classIconPath>		
			<classIconColor>(0.73,0.34,0.43)</classIconColor>		
			<tornScript>Torn_BookOfArcanist</tornScript>		
			<fullScript>BookOfArcanist</fullScript>			
			
			<classMageAbilities>						
				<li>TM_Shadow</li>
				<li>TM_Shadow_I</li>
				<li>TM_Shadow_II</li>
				<li>TM_Shadow_III</li>
				<li>TM_Blink</li>
				<li>TM_Blink_I</li>
				<li>TM_Blink_II</li>
				<li>TM_Blink_III</li>
				<li>TM_Teleport</li>
				<li>TM_Summon</li>
				<li>TM_Summon_I</li>
				<li>TM_Summon_II</li>
				<li>TM_Summon_III</li>
				<li>TM_MagicMissile</li>
				<li>TM_MagicMissile_I</li>
				<li>TM_MagicMissile_II</li>
				<li>TM_MagicMissile_III</li>
				<li>TM_FoldReality</li>
				<li>TM_ArcaneWall</li>
				<li>TM_ClearMind</li>
			</classMageAbilities>
			<learnableSpells>								
				<li>SpellOf_FoldReality</li>
			</learnableSpells>								
			
			<classFighterAbilities>					
			</classFighterAbilities>
			<learnableSkills>								
			</learnableSkills>
			
			<isMage>true</isMage>						
			<isFighter>false</isFighter>										
									
			<isNecromancer>false</isNecromancer>			
			<isUndead>false</isUndead>					
															
			<isAndroid>false</isAndroid>				
			<isAdvancedClass>false</isAdvancedClass>
		  </li>
		  <!-- Custom Class - the Troubadour -->
		  <li>		  
			<classTrait>TM_Troubadour</classTrait>			
			<traitDegree>4</traitDegree>					
			<classHediff></classHediff>									
			<classTexturePath>bardMageMark</classTexturePath>
			<classIconPath>MageMark</classIconPath>		
			<classIconColor>(.8,1.00,0.4)</classIconColor>		
			<tornScript>Torn_BookOfTroubadour</tornScript>						
			<fullScript>BookOfTroubadour</fullScript>			
			
			<classMageAbilities>							
				<li>TM_Entertain</li>
				<li>TM_Inspire</li>
				<li>TM_Lullaby</li>
				<li>TM_Lullaby_I</li>
				<li>TM_Lullaby_II</li>
				<li>TM_Lullaby_III</li>
				<li>TM_BattleHymn</li>
				<li>TM_HealingCircle</li>
				<li>TM_HealingCircle_I</li>
				<li>TM_HealingCircle_II</li>
				<li>TM_HealingCircle_III</li>
				<li>TM_Shadowsong</li>
				<li>TM_GrandFinale</li>
			</classMageAbilities>
			<learnableSpells>								
				<li>SpellOf_BattleHymn</li>
			</learnableSpells>								
			
			<classFighterAbilities>							
			</classFighterAbilities>
			<learnableSkills>								
			</learnableSkills>
			
			<isMage>true</isMage>						
			<isFighter>false</isFighter>						
														
			<isNecromancer>false</isNecromancer>			
			<isUndead>false</isUndead>						
															
			<isAndroid>false</isAndroid>					
			<isAdvancedClass>false</isAdvancedClass>		
		  </li>  
	</value>
  </Operation>

</Patch>
